supplier,region,weather,shipment_mode,product_category,distance_km,supplier_reliability,lead_time_days,order_volume,inventory_level,route_risk,traffic_index,disrupted
Supplier_A,West,Flood,Rail,Automotive,1070.0,0.646,5.3,218.0,452.0,0.026,0.534,1
Supplier_D,West,Rain,Road,Textile,759.0,0.976,7.6,483.0,742.0,0.363,0.495,0
Supplier_D,Central,Clear,Rail,Electronics,355.0,0.859,7.9,500.0,303.0,0.563,0.57,0
Supplier_C,Central,Storm,Road,Pharma,186.0,0.61,,433.0,713.0,0.491,0.588,1
Supplier_C,West,Clear,Road,Electronics,697.0,0.701,2.7,279.0,438.0,0.648,0.703,0
Supplier_E,South,Storm,Rail,Food,535.0,0.698,3.6,393.0,181.0,0.215,0.702,1
Supplier_A,East,Rain,Air,Food,178.0,0.804,9.4,249.0,631.0,0.52,0.614,0
Supplier_D,East,Clear,Sea,Electronics,661.0,0.749,9.8,566.0,807.0,0.129,0.832,1
Supplier_B,West,Clear,Air,Automotive,480.0,0.608,5.4,523.0,411.0,0.492,0.506,0
Supplier_A,Central,Storm,Sea,Electronics,688.0,0.571,6.8,416.0,844.0,0.679,0.365,1
Supplier_C,South,Clear,Air,Automotive,665.0,0.862,9.6,318.0,136.0,0.45,0.401,0
Supplier_E,East,Flood,Air,Automotive,392.0,0.823,,799.0,237.0,0.682,0.477,1
Supplier_D,North,Storm,Road,Textile,715.0,0.796,4.7,186.0,468.0,0.23,0.262,0
Supplier_D,West,Rain,Rail,Electronics,421.0,0.821,12.1,142.0,418.0,0.323,0.365,0
Supplier_D,East,Clear,Road,Textile,437.0,0.687,6.9,405.0,353.0,0.167,0.249,0
Supplier_D,East,Storm,Road,Food,412.0,0.808,2.6,374.0,529.0,0.357,0.576,0
Supplier_C,East,Heatwave,Road,Textile,844.0,1.0,6.4,618.0,384.0,0.404,0.578,0
Supplier_A,South,Clear,Sea,Automotive,477.0,0.956,9.1,536.0,421.0,0.355,0.111,0
Supplier_E,East,Clear,Air,Automotive,907.0,0.737,1.0,425.0,561.0,0.255,0.356,0
Supplier_C,West,Clear,Sea,Electronics,1014.0,0.701,6.5,510.0,353.0,0.252,0.902,0
Supplier_C,South,Clear,Sea,Automotive,358.0,0.351,4.9,507.0,477.0,0.419,0.639,1
Supplier_B,North,Storm,Sea,Food,50.0,0.94,1.1,799.0,358.0,0.318,0.6,1
Supplier_A,South,Clear,Road,Textile,822.0,0.898,6.2,466.0,235.0,0.12,0.354,0
Supplier_E,North,Rain,Sea,Automotive,461.0,0.698,5.6,297.0,668.0,0.01,0.563,1
Supplier_D,South,Clear,Sea,Electronics,325.0,0.565,5.9,456.0,876.0,0.231,0.497,0
Supplier_D,West,Clear,Sea,Textile,397.0,0.607,5.0,20.0,734.0,0.074,0.325,0
Supplier_C,North,Clear,Road,Electronics,442.0,0.847,2.9,414.0,573.0,0.183,0.391,0
Supplier_E,West,Flood,Road,Pharma,887.0,0.767,1.6,617.0,359.0,0.265,0.396,1
Supplier_C,South,Rain,Sea,Pharma,592.0,0.884,3.9,528.0,437.0,0.321,0.172,1
Supplier_C,Central,Clear,Road,Textile,884.0,0.793,8.6,474.0,733.0,0.217,0.209,0
Supplier_C,West,Storm,Road,Electronics,678.0,0.925,6.7,537.0,20.0,0.788,0.456,1
Supplier_B,South,Clear,Rail,Textile,470.0,0.835,5.8,619.0,420.0,0.098,0.313,0
Supplier_A,East,Clear,Road,Pharma,449.0,0.904,2.9,677.0,662.0,0.592,0.434,0
Supplier_C,North,Clear,Road,Automotive,696.0,0.467,4.9,501.0,250.0,0.317,0.147,0
Supplier_E,North,Heatwave,Sea,Electronics,763.0,0.595,8.2,363.0,593.0,0.218,0.676,1
Supplier_A,Central,Storm,Sea,Pharma,809.0,0.725,7.5,20.0,583.0,0.468,0.958,1
Supplier_E,Central,Rain,Sea,Automotive,482.0,0.942,4.6,596.0,180.0,0.259,0.726,0
Supplier_E,North,Clear,Road,Automotive,596.0,1.0,1.0,513.0,519.0,0.189,0.749,0
Supplier_B,South,Clear,Road,Textile,702.0,0.755,4.0,447.0,364.0,0.708,0.638,0
Supplier_D,North,Rain,Road,Textile,450.0,0.688,4.6,296.0,592.0,0.01,0.558,0
Supplier_A,South,Clear,Rail,Food,255.0,0.487,3.3,594.0,647.0,0.301,0.519,0
Supplier_D,South,Heatwave,Road,Pharma,340.0,0.91,4.8,374.0,588.0,0.388,0.299,0
Supplier_D,South,Storm,Air,Pharma,487.0,0.697,8.4,414.0,516.0,0.632,0.652,1
Supplier_B,East,Clear,Sea,Textile,722.0,1.0,5.9,410.0,564.0,0.27,0.639,0
Supplier_A,North,Storm,Rail,Automotive,877.0,0.669,9.0,501.0,241.0,0.882,0.398,1
Supplier_E,Central,Heatwave,Road,Textile,197.0,1.0,1.5,213.0,493.0,0.502,0.616,0
Supplier_C,West,Clear,Road,Food,395.0,0.892,5.1,521.0,325.0,0.01,0.347,0
Supplier_E,West,Rain,Road,Food,457.0,0.626,1.0,290.0,727.0,0.059,0.361,0
Supplier_D,North,Heatwave,Road,Textile,757.0,0.815,4.7,297.0,650.0,0.397,0.671,1
Supplier_D,West,Clear,Rail,Automotive,413.0,0.896,2.9,579.0,650.0,0.121,0.595,0
Supplier_D,Central,Flood,Road,Pharma,438.0,0.746,9.8,241.0,877.0,0.46,0.449,1
Supplier_A,North,Clear,Rail,Food,183.0,0.906,7.2,579.0,427.0,0.259,0.424,0
Supplier_B,West,Rain,Sea,Pharma,676.0,0.902,9.0,438.0,379.0,0.111,0.538,0
Supplier_C,South,Storm,Road,Automotive,508.0,0.869,4.7,123.0,422.0,0.157,0.096,0
Supplier_C,West,Rain,Road,Electronics,380.0,0.778,2.9,666.0,148.0,0.52,0.333,0
Supplier_A,East,Rain,Road,Textile,483.0,0.604,2.8,476.0,165.0,0.01,0.222,0
Supplier_C,Central,Rain,Road,Textile,843.0,0.768,6.8,491.0,637.0,0.559,0.503,0
Supplier_A,North,Clear,Rail,Electronics,289.0,0.806,11.4,601.0,193.0,0.565,0.739,0
Supplier_D,South,Clear,Sea,Automotive,331.0,0.499,7.2,690.0,264.0,0.284,0.605,0
Supplier_D,South,Clear,Sea,Electronics,876.0,0.805,4.9,456.0,478.0,0.069,0.387,0
Supplier_E,South,Rain,Rail,Pharma,570.0,0.765,,531.0,409.0,0.461,0.345,0
Supplier_D,South,Clear,Road,Pharma,724.0,0.586,5.9,487.0,695.0,0.253,0.334,0
Supplier_B,South,Clear,Road,Food,654.0,0.73,12.1,358.0,513.0,0.047,0.94,0
Supplier_E,North,Flood,Road,Textile,541.0,0.733,9.7,135.0,324.0,0.732,0.515,1
Supplier_C,West,Clear,Road,Food,459.0,,6.8,459.0,714.0,0.173,0.544,0
Supplier_B,East,Clear,Sea,Pharma,766.0,0.813,6.3,668.0,660.0,0.056,0.036,0
Supplier_E,Central,Clear,Rail,Electronics,852.0,0.935,6.9,525.0,190.0,0.407,0.24,0
Supplier_B,West,Clear,Road,Textile,832.0,0.762,7.5,228.0,555.0,0.336,0.49,0
Supplier_A,North,Storm,Road,Pharma,242.0,0.499,4.8,618.0,343.0,0.647,0.39,1
Supplier_C,North,Clear,Road,Food,889.0,0.881,3.5,364.0,337.0,0.274,0.529,0
Supplier_D,East,Clear,Sea,Electronics,457.0,0.681,9.1,43.0,911.0,0.276,0.526,0
Supplier_A,East,Heatwave,Road,Pharma,354.0,0.73,6.1,603.0,527.0,0.417,0.632,1
Supplier_C,South,Storm,Road,Food,506.0,0.622,8.8,250.0,452.0,0.39,0.089,1
Supplier_A,West,Storm,Road,Textile,766.0,0.791,10.9,741.0,519.0,0.396,0.257,1
Supplier_D,East,Flood,Sea,Pharma,691.0,0.94,7.6,627.0,692.0,0.404,0.478,1
Supplier_C,West,Heatwave,Rail,Food,484.0,0.92,7.1,379.0,346.0,0.383,0.358,0
Supplier_B,North,Clear,Rail,Textile,768.0,1.0,15.6,503.0,383.0,0.267,0.432,0
Supplier_B,Central,Rain,Road,Pharma,586.0,1.0,6.6,856.0,644.0,0.517,0.524,0
Supplier_C,South,Rain,Road,Pharma,401.0,0.473,2.7,600.0,166.0,0.278,0.336,1
Supplier_D,East,Clear,Sea,Electronics,366.0,0.601,5.2,463.0,718.0,0.511,0.542,1
Supplier_E,East,Clear,Road,Textile,657.0,0.509,10.7,940.0,147.0,0.628,0.62,1
Supplier_C,Central,Clear,Road,Electronics,529.0,0.875,2.1,441.0,446.0,0.214,0.514,0
Supplier_A,South,Rain,Rail,Pharma,192.0,0.676,3.7,525.0,148.0,0.831,0.659,0
Supplier_E,South,Storm,Road,Electronics,770.0,0.707,9.3,251.0,268.0,0.207,0.022,1
Supplier_D,South,Storm,Road,Automotive,425.0,0.748,5.2,119.0,785.0,0.209,0.371,1
Supplier_D,South,Clear,Sea,Pharma,964.0,0.837,5.7,368.0,730.0,0.458,0.696,0
Supplier_A,North,Clear,Rail,Automotive,185.0,0.557,9.2,427.0,753.0,0.438,0.31,0
Supplier_B,North,Clear,Road,Automotive,503.0,0.591,3.8,479.0,181.0,0.364,0.28,0
Supplier_D,South,Rain,Road,Electronics,368.0,0.78,1.6,164.0,269.0,0.514,0.472,0
Supplier_E,East,Heatwave,Air,Pharma,296.0,0.96,1.8,539.0,575.0,0.401,0.496,0
Supplier_C,South,Flood,Road,Electronics,423.0,0.776,7.7,271.0,657.0,0.763,0.382,1
Supplier_E,South,Heatwave,Road,Electronics,1010.0,0.661,6.8,530.0,324.0,0.339,0.906,1
Supplier_E,West,Flood,Rail,Food,587.0,0.458,3.9,588.0,373.0,0.179,0.563,1
Supplier_B,South,Heatwave,Rail,Pharma,344.0,0.923,2.5,349.0,251.0,0.24,0.301,0
Supplier_E,Central,Clear,Sea,Electronics,75.0,0.67,5.2,247.0,865.0,0.444,0.183,0
Supplier_B,West,Clear,Road,Food,102.0,0.608,9.3,698.0,396.0,0.447,0.589,0
Supplier_B,North,Clear,Road,Food,411.0,0.523,3.5,577.0,507.0,0.391,0.296,0
Supplier_D,South,Clear,Rail,Textile,385.0,0.564,4.0,447.0,518.0,0.18,0.974,0
Supplier_D,North,Clear,Rail,Automotive,492.0,0.636,2.4,684.0,743.0,0.572,0.594,0
Supplier_A,South,Clear,Road,Pharma,50.0,0.744,4.9,435.0,290.0,0.737,0.623,0
Supplier_E,South,Heatwave,Rail,Food,526.0,0.599,7.0,308.0,757.0,0.356,0.555,0
Supplier_A,North,Clear,Road,Electronics,817.0,0.808,12.3,240.0,219.0,0.712,0.747,1
Supplier_E,North,Heatwave,Sea,Pharma,972.0,0.743,6.7,401.0,756.0,0.523,0.01,1
Supplier_A,East,Storm,Sea,Food,57.0,1.0,5.8,559.0,123.0,0.794,0.235,1
Supplier_D,West,Rain,Road,Electronics,342.0,0.524,8.6,670.0,477.0,0.445,0.728,1
Supplier_D,South,Rain,Sea,Textile,328.0,0.804,8.1,424.0,858.0,0.377,0.83,0
Supplier_D,Central,Clear,Sea,Food,588.0,0.806,4.3,638.0,653.0,0.518,0.228,0
Supplier_D,South,Rain,Road,Automotive,233.0,0.625,12.9,381.0,593.0,0.263,0.1,0
Supplier_C,Central,Clear,Road,Pharma,987.0,0.794,5.9,279.0,269.0,0.431,0.537,0
Supplier_D,South,Heatwave,Rail,Textile,561.0,0.895,6.7,185.0,338.0,0.616,0.607,0
Supplier_B,East,Clear,Road,Pharma,518.0,0.794,7.7,329.0,796.0,0.514,0.532,0
Supplier_D,West,Clear,Road,Textile,964.0,0.988,7.0,192.0,604.0,0.344,0.487,0
Supplier_C,North,Storm,Road,Food,546.0,0.453,10.6,782.0,696.0,0.39,0.093,1
Supplier_C,Central,Rain,Sea,Automotive,654.0,0.654,4.2,499.0,516.0,0.502,0.417,0
Supplier_C,South,Clear,Road,Pharma,355.0,1.0,8.4,403.0,438.0,0.495,0.45,0
Supplier_C,East,Rain,Air,Textile,194.0,0.917,6.5,730.0,669.0,0.5,0.379,0
Supplier_A,West,Clear,Road,Electronics,391.0,0.861,8.9,186.0,557.0,0.418,0.078,0
Supplier_A,West,Rain,Road,Electronics,1119.0,0.965,5.4,395.0,463.0,0.185,0.629,0
Supplier_B,North,Clear,Sea,Food,715.0,,4.9,780.0,189.0,0.217,0.69,0
Supplier_A,Central,Clear,Road,Textile,621.0,0.899,8.2,394.0,710.0,0.442,0.325,0
Supplier_C,West,Clear,Road,Textile,296.0,0.94,7.1,860.0,597.0,0.516,0.459,0
Supplier_D,Central,Clear,Road,Textile,787.0,0.681,3.5,561.0,367.0,0.49,0.391,0
Supplier_D,East,Clear,Air,Food,197.0,1.0,10.0,655.0,759.0,0.215,0.393,0
Supplier_C,West,Clear,Road,Textile,143.0,0.809,8.2,660.0,554.0,0.32,0.608,0
Supplier_E,East,Clear,Road,Food,405.0,0.451,5.8,420.0,558.0,0.115,0.614,0
Supplier_C,Central,Clear,Road,Food,1058.0,0.837,4.6,332.0,694.0,0.072,0.736,0
Supplier_A,Central,Rain,Road,Electronics,1043.0,0.672,7.1,399.0,647.0,0.366,0.732,1
Supplier_D,Central,Clear,Road,Automotive,433.0,0.955,8.0,242.0,565.0,0.622,0.462,0
Supplier_C,East,Rain,Rail,Pharma,375.0,0.862,1.2,408.0,459.0,0.37,1.0,0
Supplier_D,West,Heatwave,Road,Electronics,124.0,0.69,7.1,419.0,936.0,0.732,0.841,1
Supplier_C,South,Clear,Road,Pharma,570.0,1.0,8.0,724.0,339.0,0.317,0.355,0
Supplier_C,East,Heatwave,Rail,Automotive,592.0,0.921,1.0,527.0,664.0,0.356,0.528,0
Supplier_A,West,Clear,Air,Pharma,755.0,0.656,6.6,845.0,482.0,0.152,0.063,0
Supplier_C,North,Clear,Road,Pharma,787.0,0.757,8.1,31.0,600.0,0.281,0.506,0
Supplier_D,West,Storm,Road,Pharma,499.0,0.858,7.7,201.0,771.0,0.112,0.868,1
Supplier_B,North,Storm,Road,Food,695.0,0.725,8.4,356.0,431.0,0.041,1.0,1
Supplier_D,East,Flood,Sea,Automotive,368.0,0.73,5.0,689.0,632.0,0.115,0.473,1
Supplier_A,East,Clear,Road,Automotive,690.0,0.786,2.9,400.0,558.0,0.367,0.574,0
Supplier_B,East,Storm,Road,Electronics,418.0,0.62,1.0,156.0,359.0,0.203,0.633,1
Supplier_C,East,Clear,Road,Pharma,669.0,0.445,9.3,376.0,777.0,0.25,0.936,0
Supplier_E,East,Clear,Road,Automotive,648.0,0.816,8.1,204.0,656.0,0.432,0.284,0
Supplier_B,East,Clear,Road,Pharma,568.0,0.482,9.5,169.0,404.0,0.04,1.0,0
Supplier_B,East,Heatwave,Road,Electronics,757.0,0.631,3.8,780.0,743.0,0.366,0.43,1
Supplier_C,East,Clear,Rail,Pharma,142.0,0.514,8.4,357.0,317.0,0.52,0.243,0
Supplier_E,West,Flood,Rail,Automotive,273.0,0.533,,451.0,494.0,0.537,0.431,1
Supplier_E,East,Rain,Air,Automotive,480.0,0.844,3.4,403.0,406.0,0.453,0.322,0
Supplier_A,West,Storm,Air,Electronics,175.0,0.747,6.4,375.0,665.0,0.34,0.592,1
Supplier_B,Central,Storm,Road,Automotive,444.0,0.741,8.0,269.0,394.0,0.225,0.136,1
Supplier_E,Central,Flood,Sea,Electronics,453.0,0.583,11.0,364.0,667.0,0.334,0.531,1
Supplier_A,North,Clear,Air,Automotive,891.0,0.682,5.3,481.0,631.0,0.681,,0
Supplier_E,West,Clear,Sea,Food,587.0,0.836,3.4,675.0,417.0,0.405,0.826,0
Supplier_B,South,Rain,Air,Electronics,818.0,0.772,3.2,591.0,903.0,0.329,0.65,0
Supplier_E,North,Clear,Road,Pharma,628.0,0.903,3.9,201.0,336.0,0.463,0.813,0
Supplier_B,West,Clear,Road,Textile,411.0,0.925,12.7,598.0,190.0,0.36,0.367,0
Supplier_C,North,Clear,Road,Food,585.0,0.742,8.3,506.0,688.0,0.395,0.587,0
Supplier_D,Central,Clear,Road,Automotive,740.0,0.502,9.3,308.0,27.0,0.301,0.01,0
Supplier_A,West,Clear,Rail,Automotive,860.0,0.667,5.3,453.0,828.0,0.267,0.475,0
Supplier_C,Central,Clear,Road,Electronics,516.0,0.765,6.0,523.0,522.0,0.549,0.585,0
Supplier_C,West,Heatwave,Road,Textile,122.0,,8.1,428.0,186.0,0.01,0.605,0
Supplier_D,Central,Clear,Sea,Pharma,103.0,0.622,4.5,506.0,291.0,0.446,0.154,0
Supplier_E,North,Heatwave,Air,Automotive,465.0,0.79,5.1,265.0,141.0,0.255,,0
Supplier_D,Central,Heatwave,Rail,Food,50.0,1.0,4.0,779.0,584.0,0.01,0.445,0
Supplier_C,North,Clear,Road,Food,1017.0,0.707,4.7,73.0,208.0,0.155,0.406,0
Supplier_C,South,Storm,Rail,Pharma,705.0,0.78,6.1,524.0,610.0,0.343,0.66,1
Supplier_C,North,Rain,Sea,Textile,385.0,0.583,3.5,486.0,433.0,0.37,0.452,0
Supplier_E,East,Rain,Air,Electronics,261.0,0.967,6.9,536.0,395.0,0.498,0.522,0
Supplier_B,West,Clear,Rail,Textile,817.0,0.911,6.9,292.0,612.0,0.512,0.392,0
Supplier_A,South,Clear,Rail,Pharma,260.0,0.901,5.5,630.0,637.0,0.041,0.734,0
Supplier_B,Central,Clear,Road,Textile,285.0,0.984,3.5,401.0,752.0,0.426,0.751,0
Supplier_A,West,Rain,Air,Electronics,351.0,0.716,6.3,206.0,361.0,0.496,0.432,0
Supplier_A,West,Heatwave,Sea,Electronics,580.0,0.735,4.5,223.0,493.0,0.394,1.0,1
Supplier_A,Central,Rain,Road,Electronics,711.0,1.0,6.1,442.0,360.0,0.45,0.331,0
Supplier_D,East,Storm,Road,Food,860.0,0.875,9.3,133.0,536.0,0.01,0.722,1
Supplier_D,South,Heatwave,Road,Pharma,822.0,0.447,2.2,744.0,329.0,0.152,0.291,1
Supplier_D,Central,Rain,Road,Food,550.0,0.848,12.5,609.0,407.0,0.623,0.67,1
Supplier_C,East,Clear,Sea,Textile,815.0,0.693,5.8,749.0,408.0,0.294,0.653,0
Supplier_D,West,Flood,Air,Electronics,376.0,,7.2,730.0,565.0,0.795,0.277,1
Supplier_A,South,Clear,Road,Food,77.0,0.841,3.7,357.0,501.0,0.094,0.471,0
Supplier_E,South,Clear,Road,Automotive,376.0,0.519,9.4,264.0,611.0,0.663,0.911,1
Supplier_C,North,Rain,Road,Food,340.0,0.82,5.6,20.0,476.0,0.228,0.321,0
Supplier_E,South,Heatwave,Road,Textile,386.0,0.812,4.8,347.0,372.0,0.522,0.588,1
Supplier_A,North,Clear,Rail,Automotive,301.0,0.835,4.3,738.0,542.0,0.291,0.574,0
Supplier_C,West,Rain,Sea,Electronics,430.0,0.866,5.2,271.0,298.0,0.373,0.491,0
Supplier_D,North,Clear,Air,Food,711.0,1.0,7.3,382.0,625.0,0.469,0.119,0
Supplier_C,West,Clear,Road,Pharma,996.0,0.842,6.5,320.0,437.0,0.227,0.682,0
Supplier_C,Central,Clear,Air,Electronics,101.0,0.783,5.9,487.0,545.0,0.51,0.503,0
Supplier_A,West,Storm,Air,Textile,215.0,0.952,3.9,651.0,548.0,0.297,0.743,1
Supplier_B,East,Flood,Road,Pharma,344.0,1.0,3.7,143.0,852.0,0.386,0.551,1
Supplier_B,North,Clear,Rail,Electronics,749.0,0.917,4.6,177.0,584.0,0.01,0.514,0
Supplier_B,Central,Clear,Rail,Pharma,497.0,0.811,7.4,688.0,516.0,0.283,0.582,0
Supplier_D,North,Clear,Sea,Textile,362.0,0.845,8.0,552.0,348.0,0.603,0.283,0
Supplier_D,West,Clear,Road,Food,736.0,0.818,8.4,373.0,677.0,0.489,0.843,0
Supplier_D,West,Rain,Road,Textile,799.0,0.783,6.0,727.0,441.0,0.527,0.417,1
Supplier_B,North,Rain,Rail,Food,545.0,1.0,7.2,174.0,164.0,0.361,0.42,0
Supplier_E,West,Rain,Road,Electronics,338.0,0.668,5.5,588.0,457.0,0.685,,1
Supplier_A,North,Clear,Road,Pharma,620.0,0.953,1.0,408.0,542.0,0.408,0.554,0
Supplier_B,South,Rain,Air,Electronics,489.0,0.761,5.4,529.0,320.0,0.218,0.448,0
Supplier_A,Central,Clear,Road,Food,487.0,0.558,4.9,20.0,474.0,0.521,0.591,0
Supplier_B,Central,Clear,Rail,Pharma,417.0,0.752,2.9,373.0,484.0,0.535,0.638,0
Supplier_E,South,Heatwave,Sea,Textile,790.0,0.698,4.3,553.0,488.0,0.476,0.474,1
Supplier_B,Central,Storm,Rail,Pharma,615.0,0.867,6.4,409.0,772.0,0.269,0.703,1
Supplier_E,Central,Heatwave,Rail,Pharma,819.0,0.794,2.6,646.0,211.0,0.406,0.22,0
Supplier_C,West,Heatwave,Rail,Textile,897.0,0.627,3.9,640.0,947.0,0.629,0.558,1
Supplier_D,North,Rain,Road,Food,669.0,1.0,10.6,247.0,493.0,0.446,0.676,0
Supplier_C,South,Heatwave,Road,Electronics,418.0,0.944,1.2,568.0,628.0,0.054,0.637,0
Supplier_B,West,Clear,Air,Food,820.0,1.0,5.5,241.0,528.0,0.224,0.01,0
Supplier_D,Central,Clear,Road,Pharma,671.0,0.816,2.5,430.0,120.0,0.215,0.472,0
Supplier_E,Central,Clear,Road,Automotive,1227.0,0.775,3.7,538.0,268.0,0.199,0.233,0
Supplier_B,East,Clear,Road,Food,631.0,0.886,5.4,270.0,385.0,0.01,0.783,0
Supplier_D,South,Clear,Sea,Automotive,731.0,0.693,3.0,562.0,719.0,0.728,0.414,0
Supplier_B,Central,Clear,Road,Textile,626.0,0.8,7.7,329.0,195.0,0.175,0.758,0
Supplier_D,South,Storm,Air,Automotive,524.0,0.754,10.1,315.0,312.0,0.189,0.232,0
Supplier_D,South,Storm,Road,Pharma,483.0,0.561,8.5,547.0,536.0,0.01,0.586,1
Supplier_C,Central,Rain,Rail,Pharma,627.0,0.799,9.1,270.0,604.0,0.523,0.502,0
Supplier_D,East,Clear,Road,Food,686.0,0.714,1.9,260.0,597.0,0.332,1.0,0
Supplier_B,South,Storm,Road,Food,850.0,0.744,5.3,607.0,284.0,0.28,0.759,1
Supplier_A,North,Clear,Rail,Pharma,630.0,0.835,7.4,440.0,148.0,0.29,0.745,0
Supplier_A,East,Clear,Air,Textile,430.0,0.971,8.6,158.0,619.0,0.468,0.946,0
Supplier_C,Central,Clear,Road,Textile,465.0,0.653,11.3,574.0,815.0,0.254,0.562,0
Supplier_E,East,Clear,Road,Pharma,206.0,0.73,9.2,347.0,424.0,0.01,0.478,0
Supplier_A,West,Clear,Road,Automotive,982.0,0.665,8.7,167.0,248.0,0.092,0.453,0
Supplier_C,South,Storm,Road,Textile,409.0,0.655,13.9,20.0,405.0,0.081,0.572,1
Supplier_D,West,Storm,Rail,Electronics,802.0,0.691,6.3,583.0,587.0,0.405,0.01,1
Supplier_B,West,Rain,Road,Pharma,622.0,0.751,5.1,265.0,449.0,0.536,0.501,0
Supplier_D,West,Clear,Rail,Automotive,629.0,0.868,6.5,196.0,810.0,0.643,0.55,0
Supplier_B,West,Storm,Road,Food,519.0,0.828,3.3,535.0,703.0,0.023,0.466,1
Supplier_E,East,Rain,Rail,Automotive,345.0,0.621,6.2,565.0,541.0,0.474,0.163,1
Supplier_C,South,Clear,Road,Food,298.0,,1.0,278.0,70.0,0.227,0.467,0
Supplier_C,West,Rain,Rail,Electronics,999.0,0.922,4.4,584.0,348.0,0.935,0.163,0
Supplier_A,Central,Rain,Road,Food,580.0,0.645,5.7,790.0,379.0,0.627,0.89,1
Supplier_C,Central,Clear,Sea,Food,843.0,0.964,8.8,662.0,336.0,0.69,0.443,0
Supplier_E,South,Clear,Rail,Textile,910.0,0.829,9.3,634.0,542.0,0.51,0.046,0
Supplier_A,West,Rain,Sea,Electronics,443.0,0.757,3.1,477.0,547.0,0.426,0.455,1
Supplier_D,North,Clear,Road,Electronics,660.0,0.834,12.2,340.0,132.0,0.269,0.697,0
Supplier_C,East,Clear,Road,Electronics,562.0,0.776,6.4,410.0,677.0,0.23,0.539,0
Supplier_D,East,Clear,Road,Food,249.0,0.862,6.7,499.0,504.0,0.19,0.299,0
Supplier_D,South,Heatwave,Road,Textile,502.0,0.808,1.1,194.0,579.0,0.474,0.351,0
Supplier_C,Central,Clear,Air,Automotive,703.0,0.729,4.1,282.0,664.0,0.662,0.437,0
Supplier_B,Central,Clear,Sea,Textile,420.0,0.476,9.1,163.0,331.0,0.279,0.403,0
Supplier_D,North,Clear,Rail,Textile,466.0,0.859,6.5,462.0,777.0,0.206,0.223,0
Supplier_A,South,Flood,Rail,Automotive,505.0,0.724,6.3,435.0,469.0,0.053,0.485,1
Supplier_C,South,Rain,Road,Automotive,1099.0,0.897,6.7,303.0,833.0,0.399,0.207,0
Supplier_A,Central,Heatwave,Road,Pharma,73.0,0.852,1.7,568.0,303.0,0.596,0.709,0
Supplier_D,East,Clear,Air,Textile,680.0,,5.7,232.0,816.0,0.606,0.736,0
Supplier_D,West,Clear,Road,Automotive,484.0,0.933,10.2,296.0,301.0,0.626,0.279,0
Supplier_A,Central,Rain,Road,Textile,383.0,0.811,9.3,560.0,1061.0,0.433,0.342,0
Supplier_D,West,Clear,Sea,Textile,478.0,0.805,5.6,587.0,291.0,0.368,0.407,0
Supplier_C,North,Storm,Sea,Pharma,724.0,0.759,10.7,277.0,732.0,0.606,0.493,1
Supplier_D,North,Flood,Rail,Electronics,738.0,1.0,2.2,462.0,420.0,0.128,0.557,1
Supplier_A,South,Clear,Road,Textile,598.0,0.673,3.1,280.0,657.0,0.262,0.602,0
Supplier_A,South,Heatwave,Sea,Food,834.0,0.732,11.6,384.0,491.0,0.692,0.597,1
Supplier_C,West,Rain,Road,Textile,880.0,0.594,7.7,446.0,260.0,0.135,0.842,1
Supplier_A,North,Clear,Road,Automotive,762.0,0.889,5.1,521.0,20.0,0.343,0.513,0
Supplier_B,South,Rain,Road,Pharma,408.0,0.693,5.8,477.0,1052.0,0.476,0.213,0
Supplier_D,South,Clear,Sea,Pharma,679.0,0.709,3.6,469.0,516.0,0.367,0.146,0
Supplier_A,North,Storm,Sea,Automotive,680.0,0.702,6.8,226.0,20.0,0.58,0.86,1
Supplier_D,North,Clear,Air,Pharma,338.0,0.789,6.6,490.0,567.0,0.655,0.612,0
Supplier_A,North,Clear,Road,Pharma,142.0,0.592,6.1,519.0,652.0,0.446,0.545,0
Supplier_A,East,Rain,Rail,Pharma,50.0,0.444,2.5,544.0,343.0,0.628,0.599,0
Supplier_C,East,Clear,Road,Automotive,568.0,0.849,6.8,290.0,344.0,0.164,0.535,0
Supplier_D,East,Clear,Sea,Electronics,627.0,0.463,4.4,585.0,496.0,0.318,0.595,0
Supplier_A,East,Rain,Road,Electronics,243.0,0.908,3.0,183.0,765.0,0.831,0.418,0
Supplier_B,West,Clear,Road,Electronics,822.0,1.0,9.8,342.0,522.0,0.739,0.732,0
Supplier_E,Central,Clear,Air,Automotive,590.0,0.755,12.5,370.0,822.0,0.095,0.385,0
Supplier_E,East,Clear,Rail,Electronics,901.0,0.975,11.8,193.0,749.0,0.347,0.301,0
Supplier_C,West,Clear,Sea,Food,646.0,0.776,8.0,368.0,450.0,0.377,0.128,0
Supplier_C,West,Clear,Road,Electronics,273.0,1.0,5.2,460.0,154.0,0.433,0.448,0
Supplier_B,West,Storm,Sea,Food,669.0,0.712,5.8,91.0,450.0,0.605,0.779,1
Supplier_D,North,Heatwave,Road,Electronics,724.0,0.425,7.2,349.0,616.0,0.718,0.399,1
Supplier_C,Central,Clear,Road,Electronics,408.0,0.768,4.7,105.0,513.0,0.357,0.197,0
Supplier_B,North,Heatwave,Rail,Food,175.0,1.0,10.0,787.0,640.0,0.574,0.563,0
Supplier_A,East,Rain,Road,Automotive,576.0,0.86,1.0,458.0,690.0,0.48,0.357,0
Supplier_A,West,Rain,Rail,Electronics,290.0,0.703,5.1,443.0,617.0,0.346,0.841,0
Supplier_E,East,Storm,Road,Food,841.0,0.829,8.4,462.0,439.0,0.01,0.736,1
Supplier_C,South,Storm,Road,Textile,444.0,0.926,3.5,529.0,614.0,0.554,0.22,1
Supplier_C,Central,Storm,Air,Automotive,998.0,0.767,5.3,596.0,992.0,0.471,0.462,1
Supplier_C,North,Rain,Road,Automotive,50.0,1.0,7.8,139.0,172.0,0.428,0.334,0
Supplier_D,South,Rain,Air,Pharma,585.0,0.702,10.6,656.0,607.0,0.154,0.245,0
Supplier_A,Central,Clear,Air,Textile,922.0,0.93,2.1,644.0,903.0,0.742,0.488,0
Supplier_A,West,Clear,Road,Electronics,319.0,0.894,1.9,408.0,242.0,0.38,0.68,0
Supplier_B,North,Rain,Air,Automotive,509.0,0.675,3.2,399.0,720.0,0.122,0.482,0
Supplier_C,West,Clear,Road,Food,445.0,0.716,1.4,20.0,750.0,0.09,0.386,0
Supplier_D,Central,Clear,Road,Electronics,372.0,,1.6,196.0,175.0,0.485,0.015,0
Supplier_C,North,Clear,Road,Textile,614.0,0.802,3.1,513.0,657.0,0.491,0.354,0
Supplier_C,East,Clear,Sea,Automotive,213.0,0.831,9.7,636.0,440.0,0.257,0.621,0
Supplier_E,East,Rain,Rail,Pharma,521.0,0.535,5.1,551.0,487.0,0.443,0.205,0
Supplier_A,North,Rain,Rail,Electronics,684.0,0.878,6.1,406.0,429.0,0.484,0.782,0
Supplier_C,South,Clear,Sea,Automotive,494.0,0.823,3.1,767.0,789.0,0.378,0.372,0
Supplier_C,North,Clear,Road,Food,290.0,0.77,7.9,601.0,475.0,0.21,0.543,0
Supplier_C,North,Clear,Sea,Electronics,818.0,0.834,11.6,349.0,398.0,0.542,0.412,0
Supplier_E,East,Clear,Air,Textile,740.0,0.719,3.3,813.0,402.0,0.518,0.241,0
Supplier_B,East,Storm,Sea,Automotive,279.0,0.691,11.2,223.0,425.0,0.464,0.597,1
Supplier_E,South,Rain,Sea,Food,214.0,0.744,7.1,155.0,263.0,0.183,0.368,0
Supplier_B,South,Rain,Sea,Pharma,302.0,0.71,6.1,344.0,396.0,0.084,0.317,0
Supplier_C,North,Rain,Road,Pharma,692.0,1.0,7.2,283.0,526.0,0.365,0.01,0
Supplier_C,West,Heatwave,Air,Food,622.0,0.917,7.2,354.0,589.0,0.536,0.787,0
Supplier_E,South,Storm,Sea,Electronics,755.0,0.635,11.6,564.0,765.0,0.558,,1
Supplier_C,Central,Rain,Rail,Pharma,465.0,1.0,7.6,414.0,553.0,0.467,0.743,0
Supplier_B,East,Clear,Road,Pharma,310.0,0.715,7.6,419.0,396.0,0.26,0.636,0
Supplier_A,Central,Clear,Sea,Electronics,789.0,0.784,4.7,431.0,278.0,0.189,0.743,0
Supplier_B,West,Heatwave,Road,Electronics,406.0,0.915,8.5,20.0,565.0,0.347,0.376,0
Supplier_E,South,Clear,Rail,Pharma,599.0,0.485,3.1,147.0,474.0,0.349,0.198,0
Supplier_A,West,Clear,Rail,Pharma,147.0,0.744,6.3,351.0,481.0,0.571,0.668,0
Supplier_E,South,Heatwave,Road,Pharma,402.0,0.694,14.6,268.0,558.0,0.254,0.529,0
Supplier_C,North,Storm,Air,Automotive,812.0,0.811,1.0,378.0,614.0,0.271,0.397,0
Supplier_A,South,Clear,Road,Food,364.0,0.836,6.7,673.0,559.0,0.761,0.663,1
Supplier_B,South,Clear,Air,Electronics,762.0,0.768,6.8,407.0,462.0,0.66,0.568,0
Supplier_C,North,Clear,Sea,Textile,50.0,0.761,5.3,182.0,324.0,0.173,0.641,0
Supplier_B,North,Rain,Road,Automotive,405.0,0.94,5.4,277.0,365.0,0.644,0.275,0
Supplier_A,Central,Clear,Air,Food,505.0,,6.3,728.0,687.0,0.126,0.715,0
Supplier_D,East,Heatwave,Road,Electronics,1003.0,0.786,5.2,696.0,407.0,0.263,0.499,1
Supplier_D,East,Heatwave,Sea,Textile,246.0,0.802,6.7,527.0,204.0,0.286,0.739,1
Supplier_A,Central,Rain,Sea,Automotive,724.0,1.0,4.5,139.0,755.0,0.334,0.713,0
Supplier_B,South,Rain,Road,Food,825.0,0.806,12.1,475.0,293.0,0.474,0.651,1
Supplier_B,East,Clear,Air,Electronics,362.0,0.703,5.2,489.0,508.0,0.371,0.476,0
Supplier_D,Central,Clear,Rail,Electronics,453.0,0.494,7.7,425.0,608.0,0.473,0.656,0
Supplier_D,West,Storm,Rail,Pharma,587.0,0.565,4.0,317.0,501.0,0.27,0.744,1
Supplier_D,South,Clear,Air,Pharma,165.0,,8.8,355.0,20.0,0.425,0.633,0
Supplier_E,South,Clear,Rail,Pharma,432.0,0.764,8.2,305.0,586.0,0.366,0.545,0
Supplier_D,North,Clear,Rail,Food,882.0,0.697,7.3,214.0,792.0,0.072,0.657,0
Supplier_B,North,Clear,Road,Electronics,686.0,0.833,2.9,666.0,673.0,0.447,0.384,0
Supplier_A,North,Clear,Road,Pharma,509.0,0.695,3.7,579.0,33.0,0.369,0.833,1
Supplier_D,West,Storm,Sea,Textile,579.0,0.643,11.1,369.0,968.0,0.207,0.13,1
Supplier_E,West,Storm,Road,Textile,701.0,0.872,3.7,483.0,208.0,0.265,0.508,1
Supplier_E,East,Rain,Rail,Electronics,751.0,0.985,7.9,490.0,263.0,0.27,0.411,0
Supplier_B,West,Flood,Road,Automotive,405.0,0.614,3.2,842.0,672.0,0.301,0.359,1
Supplier_B,North,Clear,Sea,Textile,949.0,0.817,9.0,577.0,600.0,0.702,0.567,0
Supplier_A,South,Flood,Rail,Food,892.0,0.494,3.9,570.0,518.0,0.768,0.252,1
Supplier_A,South,Rain,Road,Pharma,726.0,,3.1,427.0,375.0,0.01,0.973,1
Supplier_C,Central,Clear,Road,Food,331.0,0.692,3.9,342.0,793.0,0.448,0.203,0
Supplier_C,West,Heatwave,Road,Pharma,285.0,0.95,4.3,669.0,491.0,0.541,0.291,0
Supplier_B,Central,Clear,Sea,Pharma,465.0,0.663,7.2,537.0,156.0,0.307,0.27,0
Supplier_B,South,Clear,Rail,Textile,566.0,0.658,6.2,271.0,771.0,0.536,0.544,0
Supplier_E,Central,Clear,Rail,Automotive,90.0,0.785,2.7,502.0,548.0,0.681,0.723,0
Supplier_C,North,Clear,Air,Food,679.0,0.786,5.9,571.0,745.0,0.076,0.616,0
Supplier_E,South,Clear,Road,Electronics,885.0,0.662,2.6,43.0,626.0,0.377,0.824,0
Supplier_E,East,Rain,Road,Textile,700.0,1.0,7.9,254.0,1026.0,0.741,0.318,0
Supplier_B,North,Flood,Road,Electronics,374.0,0.74,8.5,485.0,432.0,0.102,0.645,1
Supplier_B,Central,Clear,Road,Automotive,343.0,0.797,5.9,74.0,504.0,0.327,0.433,0
Supplier_E,Central,Rain,Air,Pharma,628.0,0.72,6.8,102.0,658.0,0.26,0.55,0
Supplier_D,East,Clear,Sea,Pharma,510.0,0.846,11.3,371.0,433.0,0.56,0.744,0
Supplier_B,South,Flood,Sea,Electronics,665.0,0.965,5.5,508.0,677.0,0.588,0.128,1
Supplier_D,North,Clear,Sea,Pharma,706.0,1.0,3.2,517.0,20.0,0.382,0.938,0
Supplier_C,West,Clear,Rail,Automotive,834.0,0.666,7.7,705.0,484.0,0.356,0.468,0
Supplier_E,East,Rain,Road,Food,256.0,0.945,2.6,435.0,477.0,0.01,0.147,0
Supplier_B,West,Rain,Rail,Electronics,608.0,0.862,5.4,353.0,469.0,0.635,0.348,0
Supplier_E,West,Storm,Sea,Pharma,455.0,0.926,4.2,185.0,307.0,0.279,0.523,1
Supplier_E,North,Rain,Air,Electronics,524.0,0.766,3.9,351.0,699.0,0.322,0.348,0
Supplier_A,North,Storm,Rail,Food,775.0,0.752,5.2,547.0,389.0,0.544,0.049,1
Supplier_A,West,Clear,Air,Textile,803.0,0.92,8.7,555.0,544.0,0.39,0.521,0
Supplier_C,North,Clear,Air,Textile,914.0,0.923,9.3,468.0,492.0,0.551,0.341,0
Supplier_A,Central,Clear,Sea,Textile,661.0,1.0,8.8,518.0,610.0,0.471,0.643,0
Supplier_B,North,Clear,Air,Electronics,521.0,0.81,7.0,650.0,815.0,0.391,0.265,0
Supplier_C,West,Clear,Road,Food,484.0,0.764,5.2,434.0,543.0,0.412,0.998,0
Supplier_E,Central,Rain,Road,Electronics,99.0,0.411,1.0,666.0,685.0,0.125,0.613,1
Supplier_E,East,Clear,Rail,Food,898.0,0.538,7.1,289.0,532.0,0.32,0.543,0
Supplier_A,North,Rain,Road,Food,466.0,0.721,1.0,407.0,389.0,0.567,0.637,0
Supplier_E,Central,Rain,Sea,Automotive,682.0,0.615,1.0,333.0,469.0,0.17,0.099,0
Supplier_A,North,Rain,Rail,Pharma,727.0,0.902,5.5,563.0,438.0,0.207,0.391,0
Supplier_D,East,Rain,Rail,Electronics,226.0,0.583,6.8,237.0,625.0,0.174,0.892,0
Supplier_E,Central,Clear,Road,Food,310.0,0.705,4.6,362.0,523.0,0.381,0.43,0
Supplier_E,West,Clear,Rail,Food,952.0,0.711,10.6,85.0,325.0,0.631,0.486,1
Supplier_B,North,Rain,Rail,Automotive,626.0,0.961,7.4,527.0,451.0,0.459,0.397,0
Supplier_E,Central,Rain,Road,Electronics,399.0,0.689,5.3,644.0,164.0,0.01,0.822,0
Supplier_A,North,Clear,Sea,Automotive,517.0,0.848,10.2,584.0,459.0,0.48,0.446,0
Supplier_C,West,Clear,Road,Food,832.0,0.809,10.7,566.0,500.0,0.262,0.225,0
Supplier_C,West,Rain,Road,Automotive,793.0,0.915,7.5,571.0,898.0,0.452,1.0,1
Supplier_B,South,Rain,Road,Textile,169.0,0.908,3.7,546.0,797.0,0.32,0.197,0
Supplier_A,East,Clear,Rail,Pharma,975.0,0.775,4.3,531.0,273.0,0.178,0.479,0
Supplier_D,North,Clear,Air,Automotive,801.0,0.526,,542.0,544.0,0.336,0.315,0
Supplier_B,Central,Flood,Sea,Electronics,510.0,0.745,5.9,302.0,548.0,0.262,0.346,1
Supplier_D,South,Clear,Road,Textile,240.0,0.777,2.8,384.0,449.0,0.412,0.267,0
Supplier_C,South,Flood,Sea,Food,824.0,0.823,5.0,433.0,463.0,0.173,0.381,1
Supplier_B,East,Clear,Air,Automotive,674.0,0.669,6.8,360.0,422.0,0.125,0.716,0
Supplier_E,West,Rain,Road,Automotive,171.0,0.951,1.0,138.0,912.0,0.496,0.082,0
Supplier_A,East,Clear,Road,Automotive,490.0,0.782,2.2,198.0,408.0,0.572,0.777,0
Supplier_D,East,Clear,Road,Pharma,1363.0,0.642,4.5,461.0,575.0,0.466,0.739,0
Supplier_D,East,Heatwave,Sea,Automotive,554.0,0.711,5.8,583.0,20.0,0.22,,0
Supplier_B,Central,Clear,Road,Food,357.0,1.0,4.5,422.0,681.0,0.202,0.528,0
Supplier_B,South,Heatwave,Rail,Automotive,288.0,0.88,5.2,918.0,761.0,0.214,0.561,0
Supplier_A,Central,Clear,Air,Automotive,1011.0,0.937,3.9,254.0,269.0,0.528,0.813,0
Supplier_E,West,Flood,Sea,Food,770.0,0.624,1.7,500.0,387.0,0.185,0.116,1
Supplier_E,Central,Heatwave,Air,Electronics,916.0,0.677,4.4,652.0,599.0,0.527,0.66,1
Supplier_B,Central,Rain,Air,Pharma,615.0,0.678,5.4,612.0,504.0,0.477,0.336,0
Supplier_A,West,Clear,Road,Textile,876.0,0.808,5.1,538.0,603.0,0.598,0.682,0
Supplier_A,South,Rain,Sea,Food,329.0,0.754,6.3,613.0,437.0,0.563,0.365,1
Supplier_A,West,Rain,Road,Automotive,592.0,0.707,7.3,430.0,910.0,0.459,0.656,1
Supplier_E,West,Heatwave,Road,Pharma,625.0,0.725,8.0,719.0,353.0,0.056,0.159,0
Supplier_E,South,Clear,Sea,Automotive,909.0,0.661,4.1,651.0,1092.0,0.472,0.128,0
Supplier_A,West,Clear,Road,Food,633.0,0.753,1.3,267.0,773.0,0.373,0.475,0
Supplier_D,South,Clear,Road,Pharma,387.0,0.947,9.8,478.0,683.0,0.275,0.816,0
Supplier_A,East,Rain,Rail,Electronics,567.0,0.553,7.2,141.0,271.0,0.622,0.618,1
Supplier_B,West,Heatwave,Road,Pharma,114.0,0.832,3.1,694.0,700.0,0.32,0.616,1
Supplier_C,North,Clear,Road,Food,50.0,0.987,6.8,460.0,633.0,0.244,0.689,0
Supplier_D,South,Storm,Rail,Pharma,766.0,0.753,9.2,663.0,34.0,0.575,0.413,1
Supplier_E,West,Heatwave,Air,Pharma,453.0,0.701,11.2,400.0,191.0,0.269,0.634,1
Supplier_A,East,Clear,Air,Pharma,482.0,0.919,6.8,86.0,579.0,0.234,0.372,0
Supplier_A,Central,Clear,Road,Pharma,766.0,0.632,9.2,895.0,471.0,0.125,0.431,1
Supplier_B,North,Rain,Rail,Automotive,913.0,0.777,2.4,444.0,386.0,0.186,0.458,0
Supplier_B,West,Rain,Sea,Food,689.0,0.624,5.9,240.0,737.0,0.203,0.38,0
Supplier_E,Central,Clear,Road,Food,1051.0,0.499,5.0,626.0,306.0,0.474,0.485,0
Supplier_D,Central,Flood,Road,Electronics,681.0,0.757,7.0,786.0,400.0,0.146,0.444,1
Supplier_B,North,Rain,Road,Food,629.0,0.59,10.8,384.0,358.0,0.01,0.344,0
Supplier_E,Central,Heatwave,Rail,Textile,613.0,0.778,6.7,402.0,612.0,0.411,0.469,0
Supplier_C,South,Flood,Road,Automotive,216.0,0.947,3.2,463.0,122.0,0.223,0.534,1
Supplier_C,South,Storm,Air,Food,799.0,1.0,2.2,220.0,391.0,0.347,0.258,0
Supplier_C,South,Rain,Sea,Pharma,50.0,0.794,10.9,296.0,121.0,0.606,0.592,1
Supplier_A,West,Clear,Road,Pharma,398.0,0.933,7.5,741.0,431.0,0.364,0.391,0
Supplier_E,West,Rain,Rail,Electronics,556.0,0.84,7.3,396.0,659.0,0.652,0.544,0
Supplier_A,East,Clear,Road,Electronics,345.0,0.723,5.0,269.0,663.0,0.336,0.354,0
Supplier_A,North,Rain,Road,Automotive,433.0,0.491,6.8,339.0,340.0,0.551,0.731,1
Supplier_B,Central,Clear,Air,Textile,1028.0,1.0,3.0,613.0,617.0,0.241,0.71,0
Supplier_B,South,Rain,Road,Textile,837.0,0.623,7.2,64.0,459.0,0.372,,0
Supplier_A,North,Clear,Sea,Automotive,372.0,0.987,2.5,466.0,799.0,0.163,0.615,0
Supplier_A,East,Clear,Rail,Textile,428.0,0.861,4.9,863.0,471.0,0.187,0.818,0
Supplier_D,East,Clear,Road,Food,218.0,0.634,4.1,786.0,20.0,0.305,0.291,0
Supplier_E,West,Rain,Road,Pharma,733.0,0.827,1.0,523.0,697.0,0.084,0.309,0
Supplier_A,Central,Storm,Road,Pharma,485.0,1.0,5.0,657.0,399.0,0.382,0.662,0
Supplier_B,North,Clear,Sea,Pharma,50.0,1.0,3.3,655.0,440.0,0.289,0.212,0
Supplier_C,South,Flood,Air,Automotive,576.0,0.703,5.4,397.0,574.0,0.397,0.329,1
Supplier_E,East,Flood,Road,Electronics,664.0,0.673,6.0,586.0,187.0,0.087,0.277,1
Supplier_D,West,Clear,Rail,Textile,800.0,0.795,11.3,742.0,516.0,0.49,0.664,0
Supplier_D,West,Rain,Air,Automotive,531.0,0.755,6.9,193.0,618.0,0.69,0.348,0
Supplier_C,South,Clear,Air,Pharma,453.0,0.96,7.0,524.0,580.0,0.647,0.437,0
Supplier_C,West,Clear,Road,Automotive,1066.0,0.891,7.5,485.0,368.0,0.731,0.335,0
Supplier_A,Central,Rain,Road,Electronics,552.0,0.526,8.6,439.0,718.0,0.358,0.753,0
Supplier_E,East,Clear,Road,Food,737.0,0.849,7.4,423.0,281.0,0.28,0.311,0
Supplier_E,Central,Flood,Road,Electronics,410.0,0.753,6.8,462.0,362.0,0.448,0.19,1
Supplier_A,West,Heatwave,Rail,Electronics,729.0,0.786,8.1,477.0,470.0,0.302,0.182,0
Supplier_D,South,Flood,Road,Electronics,172.0,0.817,1.0,621.0,565.0,0.01,0.653,1
Supplier_A,South,Rain,Road,Automotive,430.0,0.96,12.3,506.0,429.0,0.514,0.668,0
Supplier_D,West,Rain,Road,Automotive,236.0,0.927,10.8,388.0,770.0,0.303,0.775,0
Supplier_E,South,Heatwave,Road,Textile,393.0,0.668,6.7,269.0,565.0,0.057,0.223,0
Supplier_A,South,Clear,Sea,Textile,875.0,0.771,1.8,335.0,517.0,0.248,0.449,0
Supplier_C,South,Clear,Rail,Textile,391.0,0.713,9.6,467.0,557.0,0.308,1.0,0
Supplier_A,West,Rain,Road,Textile,737.0,0.528,3.9,293.0,661.0,0.352,0.433,1
Supplier_C,South,Clear,Rail,Electronics,944.0,0.764,7.6,590.0,553.0,0.355,0.376,0
Supplier_E,West,Clear,Road,Automotive,543.0,1.0,2.2,497.0,102.0,0.624,0.495,0
Supplier_A,Central,Clear,Sea,Automotive,808.0,0.523,12.7,626.0,740.0,0.092,0.617,0
Supplier_B,Central,Rain,Rail,Electronics,688.0,0.776,1.7,305.0,526.0,0.32,0.613,0
Supplier_E,Central,Clear,Rail,Electronics,580.0,0.772,6.2,270.0,651.0,0.174,0.365,0
Supplier_B,North,Clear,Sea,Textile,745.0,0.823,1.0,624.0,411.0,0.601,0.371,0
Supplier_A,East,Clear,Sea,Textile,1028.0,0.636,5.9,443.0,98.0,0.238,0.435,0
Supplier_C,South,Clear,Sea,Pharma,384.0,0.566,4.7,384.0,20.0,0.281,0.339,0
Supplier_C,Central,Flood,Road,Electronics,301.0,0.573,9.4,546.0,292.0,0.56,0.228,1
Supplier_D,West,Clear,Road,Pharma,285.0,0.98,4.7,539.0,614.0,0.615,0.898,0
Supplier_B,South,Rain,Air,Electronics,809.0,0.633,9.4,194.0,786.0,0.645,0.41,0
Supplier_E,East,Storm,Rail,Automotive,844.0,0.705,2.9,669.0,566.0,0.021,0.423,1
Supplier_C,West,Clear,Air,Pharma,410.0,1.0,5.2,346.0,269.0,0.447,0.43,0
Supplier_B,East,Flood,Air,Electronics,50.0,0.67,5.2,726.0,327.0,0.404,0.482,1
Supplier_E,East,Rain,Road,Textile,375.0,0.831,7.5,180.0,799.0,0.34,0.596,0
Supplier_E,North,Rain,Road,Textile,692.0,0.94,7.1,477.0,212.0,0.363,0.398,0
Supplier_C,East,Clear,Rail,Textile,533.0,0.932,8.2,387.0,962.0,0.607,0.751,0
Supplier_A,South,Clear,Road,Textile,597.0,0.58,6.8,64.0,913.0,0.558,0.632,0
Supplier_C,Central,Heatwave,Air,Electronics,414.0,0.673,8.0,538.0,970.0,0.529,0.458,0
Supplier_C,Central,Storm,Air,Automotive,814.0,0.825,3.3,74.0,584.0,0.391,0.353,0
Supplier_A,West,Heatwave,Rail,Automotive,639.0,1.0,7.2,367.0,425.0,0.804,0.739,1
Supplier_D,North,Heatwave,Air,Automotive,702.0,0.666,10.8,619.0,578.0,0.27,0.464,0
Supplier_E,Central,Clear,Rail,Pharma,591.0,0.706,1.0,325.0,700.0,0.027,,0
Supplier_A,South,Storm,Air,Pharma,686.0,0.843,7.5,257.0,357.0,0.297,0.725,1
Supplier_D,East,Clear,Road,Textile,669.0,0.873,8.0,564.0,258.0,0.362,0.34,0
Supplier_A,Central,Storm,Air,Electronics,309.0,0.882,10.4,375.0,438.0,0.611,0.691,0
Supplier_D,Central,Clear,Air,Automotive,647.0,0.653,8.2,347.0,330.0,0.248,0.01,0
Supplier_C,North,Clear,Road,Automotive,756.0,0.7,6.3,649.0,773.0,0.448,0.419,0
Supplier_A,South,Storm,Rail,Automotive,850.0,0.812,7.3,210.0,364.0,0.055,0.755,1
Supplier_E,West,Storm,Sea,Food,658.0,0.969,3.8,337.0,521.0,0.566,0.501,1
Supplier_A,East,Rain,Road,Automotive,299.0,0.744,4.8,576.0,716.0,0.364,0.632,0
Supplier_C,South,Clear,Air,Textile,339.0,0.777,2.0,198.0,782.0,0.294,0.302,0
Supplier_A,East,Clear,Sea,Automotive,437.0,0.626,10.5,740.0,546.0,0.776,0.576,1
Supplier_E,Central,Heatwave,Sea,Electronics,599.0,1.0,7.4,381.0,585.0,0.564,0.501,1
Supplier_D,South,Clear,Road,Pharma,518.0,0.803,3.3,577.0,276.0,0.142,0.554,0
Supplier_E,West,Clear,Rail,Pharma,258.0,0.942,6.8,577.0,725.0,0.328,0.949,0
Supplier_C,West,Rain,Sea,Pharma,256.0,0.784,9.5,393.0,778.0,0.897,0.787,1
Supplier_C,Central,Clear,Rail,Pharma,50.0,0.793,9.0,334.0,89.0,0.746,0.674,0
Supplier_D,South,Rain,Road,Pharma,50.0,0.555,3.2,412.0,888.0,0.535,0.677,1
Supplier_D,South,Clear,Road,Automotive,516.0,0.457,1.0,548.0,346.0,0.01,0.3,0
Supplier_E,East,Flood,Air,Electronics,1153.0,0.968,7.2,242.0,631.0,0.616,0.396,1
Supplier_A,East,Heatwave,Road,Automotive,1017.0,0.792,3.3,203.0,517.0,0.223,0.163,0
Supplier_D,East,Heatwave,Road,Automotive,296.0,0.811,7.9,687.0,487.0,0.615,0.221,1
Supplier_A,West,Rain,Road,Textile,589.0,0.593,8.9,288.0,455.0,0.205,0.305,1
Supplier_B,West,Clear,Air,Electronics,169.0,0.645,9.3,484.0,282.0,0.448,0.494,0
Supplier_E,South,Storm,Rail,Pharma,209.0,0.939,11.2,384.0,615.0,0.222,0.23,0
Supplier_B,West,Flood,Sea,Textile,239.0,1.0,9.7,392.0,437.0,0.277,0.491,1
Supplier_D,South,Rain,Air,Food,491.0,0.687,11.2,677.0,212.0,0.474,0.466,0
Supplier_C,East,Rain,Sea,Food,503.0,,10.1,405.0,272.0,0.086,0.25,0
Supplier_B,North,Storm,Sea,Electronics,616.0,0.809,10.4,356.0,216.0,0.824,0.836,1
Supplier_B,South,Rain,Road,Automotive,722.0,0.762,5.9,371.0,385.0,0.145,0.209,0
Supplier_C,Central,Storm,Air,Pharma,462.0,1.0,2.1,329.0,607.0,0.133,0.746,0
Supplier_D,East,Clear,Road,Textile,559.0,0.712,13.4,299.0,344.0,0.475,0.01,0
Supplier_D,West,Rain,Sea,Pharma,266.0,0.966,6.2,330.0,715.0,0.608,0.469,0
Supplier_E,North,Rain,Road,Electronics,200.0,0.837,9.7,719.0,474.0,0.285,0.237,0
Supplier_E,West,Clear,Air,Food,160.0,0.777,4.3,548.0,436.0,0.136,0.356,0
Supplier_D,South,Flood,Sea,Food,719.0,0.986,8.9,358.0,504.0,0.166,0.898,1
Supplier_D,West,Rain,Road,Food,462.0,0.824,1.0,597.0,807.0,0.144,0.424,0
Supplier_B,Central,Clear,Sea,Textile,64.0,0.766,4.8,134.0,198.0,0.412,0.257,0
Supplier_C,East,Storm,Road,Pharma,534.0,0.987,5.7,668.0,864.0,0.336,0.607,1
Supplier_A,North,Storm,Road,Pharma,225.0,0.967,7.4,653.0,711.0,0.435,0.422,1
Supplier_B,East,Storm,Rail,Automotive,982.0,0.96,9.2,823.0,495.0,0.423,0.533,0
Supplier_E,North,Clear,Road,Electronics,400.0,0.2,2.7,602.0,760.0,0.515,0.299,1
Supplier_C,East,Flood,Rail,Textile,727.0,0.846,8.0,499.0,429.0,0.268,0.31,1
Supplier_A,North,Clear,Sea,Pharma,833.0,0.812,9.7,652.0,563.0,0.202,0.327,0
Supplier_D,West,Rain,Road,Pharma,302.0,0.775,13.0,307.0,381.0,0.381,0.676,1
Supplier_E,South,Clear,Rail,Electronics,570.0,0.871,8.1,349.0,713.0,0.339,0.45,0
Supplier_E,South,Rain,Sea,Pharma,694.0,0.819,4.6,408.0,344.0,0.401,0.269,0
Supplier_B,North,Storm,Air,Food,580.0,0.882,2.2,666.0,489.0,0.208,0.536,0
Supplier_C,Central,Rain,Road,Automotive,644.0,0.74,11.5,266.0,649.0,0.478,0.517,0
Supplier_C,Central,Rain,Sea,Textile,204.0,1.0,8.2,247.0,731.0,0.114,0.626,0
Supplier_B,Central,Storm,Road,Automotive,694.0,0.897,5.9,463.0,319.0,0.262,0.394,1
Supplier_B,North,Rain,Rail,Pharma,424.0,0.861,1.1,549.0,666.0,0.576,0.483,0
Supplier_B,South,Clear,Rail,Textile,641.0,0.854,3.2,293.0,284.0,0.124,0.593,0
Supplier_E,Central,Heatwave,Air,Electronics,789.0,0.954,7.9,541.0,27.0,0.56,0.278,0
Supplier_D,East,Storm,Road,Pharma,724.0,0.933,7.1,666.0,335.0,0.068,0.695,1
Supplier_E,North,Heatwave,Road,Pharma,641.0,0.763,1.0,636.0,684.0,0.033,0.504,0
Supplier_E,North,Heatwave,Air,Food,717.0,0.929,7.9,484.0,497.0,0.051,0.258,0
Supplier_E,South,Heatwave,Road,Pharma,729.0,0.806,1.3,404.0,382.0,0.373,0.256,0
Supplier_A,Central,Storm,Rail,Textile,939.0,1.0,10.1,732.0,512.0,0.496,0.478,1
Supplier_E,North,Rain,Air,Pharma,541.0,0.945,6.6,423.0,505.0,0.609,0.379,0
Supplier_A,Central,Clear,Air,Pharma,593.0,0.686,4.6,589.0,637.0,0.593,0.666,0
Supplier_C,West,Rain,Road,Automotive,792.0,1.0,9.0,772.0,145.0,0.523,0.437,0
Supplier_C,Central,Storm,Road,Food,422.0,0.465,7.1,570.0,477.0,0.184,0.567,1
Supplier_B,Central,Rain,Sea,Food,203.0,0.876,10.0,241.0,527.0,0.182,0.313,0
Supplier_A,South,Flood,Road,Textile,678.0,0.676,6.2,197.0,200.0,0.508,0.495,1
Supplier_A,Central,Clear,Road,Food,496.0,1.0,6.4,366.0,197.0,0.634,0.789,0
Supplier_E,North,Clear,Road,Electronics,236.0,0.818,5.1,548.0,420.0,0.144,0.467,0
Supplier_B,South,Rain,Road,Automotive,680.0,0.661,6.8,500.0,502.0,0.609,0.378,1
Supplier_B,South,Clear,Sea,Automotive,922.0,0.74,11.1,817.0,503.0,0.01,0.31,0
Supplier_E,North,Clear,Road,Pharma,126.0,0.673,4.5,498.0,378.0,0.428,0.496,0
Supplier_A,North,Clear,Road,Textile,816.0,0.734,7.9,361.0,369.0,0.329,0.81,0
Supplier_E,North,Flood,Rail,Pharma,50.0,0.731,3.4,216.0,413.0,0.309,0.2,1
Supplier_E,North,Rain,Road,Electronics,446.0,0.667,1.0,632.0,566.0,0.356,0.489,0
Supplier_C,South,Clear,Road,Electronics,1029.0,0.821,6.6,419.0,774.0,0.179,0.123,0
Supplier_A,North,Clear,Sea,Automotive,465.0,0.839,7.1,149.0,20.0,0.439,0.41,0
Supplier_A,North,Clear,Air,Pharma,573.0,0.631,5.7,424.0,637.0,0.362,,0
Supplier_B,Central,Clear,Road,Food,748.0,0.531,1.5,241.0,476.0,0.537,0.152,0
Supplier_C,North,Storm,Road,Automotive,104.0,0.827,6.9,343.0,616.0,0.668,0.402,1
Supplier_A,North,Storm,Road,Textile,569.0,0.86,6.8,421.0,761.0,0.375,0.564,1
Supplier_C,North,Clear,Road,Food,567.0,0.89,3.3,257.0,334.0,0.186,0.529,0
Supplier_A,North,Rain,Rail,Textile,1034.0,0.863,1.9,332.0,708.0,0.122,0.575,0
Supplier_C,East,Clear,Rail,Pharma,229.0,1.0,5.2,286.0,224.0,0.69,0.286,0
Supplier_A,Central,Clear,Air,Textile,451.0,0.93,8.0,291.0,528.0,0.664,0.564,0
Supplier_D,West,Flood,Sea,Pharma,309.0,1.0,7.2,239.0,447.0,0.527,0.368,1
Supplier_A,East,Rain,Road,Electronics,281.0,1.0,3.4,333.0,510.0,0.362,0.657,0
Supplier_A,North,Flood,Sea,Automotive,843.0,0.516,6.4,259.0,282.0,0.513,0.01,1
Supplier_A,West,Clear,Rail,Automotive,557.0,0.45,,526.0,596.0,0.611,0.436,0
Supplier_E,North,Clear,Road,Textile,406.0,0.779,2.5,456.0,849.0,0.226,0.522,0
Supplier_A,West,Clear,Sea,Textile,415.0,0.856,6.2,635.0,286.0,0.356,0.797,0
Supplier_C,East,Rain,Road,Electronics,404.0,0.769,10.0,760.0,542.0,0.129,0.519,0
Supplier_C,Central,Heatwave,Rail,Automotive,427.0,0.886,2.2,542.0,688.0,0.324,0.541,0
Supplier_C,South,Clear,Air,Automotive,221.0,0.739,9.5,501.0,435.0,0.659,0.583,0
Supplier_D,West,Flood,Road,Automotive,483.0,0.676,10.9,553.0,799.0,0.566,0.776,1
Supplier_E,East,Flood,Sea,Electronics,457.0,0.699,5.3,504.0,405.0,0.377,0.416,1
Supplier_B,East,Rain,Road,Electronics,353.0,0.75,5.0,429.0,474.0,0.01,0.191,0
Supplier_E,Central,Clear,Sea,Automotive,590.0,0.907,9.1,415.0,282.0,0.219,0.149,0
Supplier_B,West,Rain,Road,Textile,612.0,0.707,5.4,236.0,528.0,0.37,0.646,0
Supplier_E,East,Clear,Road,Electronics,405.0,0.737,1.0,571.0,501.0,0.307,0.549,0
Supplier_C,East,Storm,Road,Electronics,513.0,0.866,5.7,414.0,640.0,0.357,0.444,0
Supplier_D,West,Rain,Sea,Food,1111.0,0.75,7.4,681.0,360.0,0.399,0.371,1
Supplier_E,South,Heatwave,Road,Pharma,1101.0,0.948,8.2,585.0,350.0,0.243,0.54,0
Supplier_D,North,Rain,Sea,Textile,276.0,0.642,3.4,307.0,602.0,0.348,0.546,0
Supplier_E,East,Rain,Road,Textile,312.0,0.61,5.2,644.0,807.0,0.32,0.606,1
Supplier_C,North,Storm,Rail,Food,275.0,0.826,8.9,20.0,638.0,0.209,0.256,0
Supplier_A,North,Rain,Road,Textile,825.0,0.841,5.8,767.0,906.0,0.719,0.112,0
Supplier_C,East,Heatwave,Road,Pharma,446.0,0.65,1.4,179.0,622.0,0.255,0.299,0
Supplier_A,West,Clear,Sea,Textile,612.0,0.982,9.7,509.0,614.0,0.01,0.203,0
Supplier_E,West,Heatwave,Road,Food,1069.0,1.0,5.4,497.0,649.0,0.707,0.191,0
Supplier_B,South,Storm,Air,Food,547.0,0.686,9.3,622.0,827.0,0.181,0.845,1
Supplier_B,East,Flood,Rail,Electronics,734.0,1.0,1.8,361.0,772.0,0.53,0.01,1
Supplier_B,North,Rain,Rail,Electronics,685.0,0.423,5.6,34.0,261.0,0.214,0.603,1
Supplier_D,West,Flood,Rail,Electronics,397.0,0.941,7.5,361.0,676.0,0.464,0.7,1
Supplier_C,South,Clear,Sea,Food,825.0,0.651,5.7,381.0,558.0,0.34,0.717,0
Supplier_E,West,Storm,Air,Electronics,329.0,0.926,2.5,51.0,457.0,0.55,0.561,0
Supplier_C,Central,Clear,Rail,Electronics,898.0,0.636,1.0,428.0,110.0,0.307,0.79,0
Supplier_B,West,Clear,Rail,Automotive,397.0,0.77,10.6,226.0,161.0,0.219,0.892,0
Supplier_A,South,Clear,Rail,Textile,426.0,0.658,6.7,537.0,420.0,0.401,0.434,0
Supplier_A,Central,Clear,Road,Electronics,267.0,0.748,9.5,376.0,178.0,0.274,0.598,0
Supplier_B,West,Clear,Rail,Food,310.0,1.0,8.8,773.0,424.0,0.01,0.781,0
Supplier_E,West,Flood,Road,Textile,439.0,0.764,7.8,374.0,657.0,0.23,0.31,1
Supplier_C,Central,Clear,Air,Food,50.0,1.0,5.0,497.0,372.0,0.924,0.446,0
Supplier_E,Central,Storm,Sea,Electronics,489.0,0.722,7.5,382.0,518.0,0.01,0.362,1
Supplier_A,North,Clear,Sea,Electronics,418.0,1.0,10.3,128.0,265.0,0.398,0.601,0
Supplier_A,Central,Storm,Sea,Textile,755.0,0.536,6.2,383.0,566.0,0.301,0.082,1
Supplier_E,West,Storm,Rail,Food,660.0,0.737,11.7,556.0,612.0,0.717,0.816,1
Supplier_A,South,Clear,Air,Electronics,366.0,0.7,1.5,528.0,187.0,0.128,0.617,0
Supplier_A,South,Storm,Road,Textile,431.0,1.0,1.2,367.0,335.0,0.37,0.63,0
Supplier_C,West,Heatwave,Rail,Textile,489.0,0.808,9.0,158.0,221.0,0.487,0.01,0
Supplier_E,South,Storm,Road,Automotive,936.0,0.467,3.5,536.0,612.0,0.314,0.271,1
Supplier_D,East,Clear,Road,Electronics,336.0,0.583,12.1,496.0,536.0,0.196,0.828,0
Supplier_A,West,Rain,Sea,Electronics,363.0,0.628,10.0,572.0,489.0,0.346,0.461,1
Supplier_E,West,Storm,Sea,Pharma,257.0,0.92,10.8,371.0,472.0,0.288,0.121,1
Supplier_E,Central,Clear,Rail,Electronics,165.0,0.901,8.7,117.0,571.0,0.288,0.549,0
Supplier_E,North,Storm,Road,Food,630.0,0.735,3.2,516.0,575.0,0.536,0.649,1
Supplier_E,South,Clear,Air,Pharma,603.0,0.698,1.0,418.0,391.0,0.431,0.617,0
Supplier_B,Central,Storm,Road,Automotive,884.0,0.887,10.5,671.0,360.0,0.46,0.467,1
Supplier_E,East,Clear,Sea,Electronics,821.0,0.611,1.5,425.0,487.0,0.416,0.75,0
Supplier_B,South,Clear,Sea,Automotive,1173.0,0.849,10.8,412.0,458.0,0.542,0.346,0
Supplier_E,South,Heatwave,Road,Textile,531.0,0.836,8.0,495.0,953.0,0.611,0.619,1
Supplier_C,South,Flood,Road,Electronics,482.0,0.739,5.8,313.0,416.0,0.293,0.53,1
Supplier_D,East,Flood,Road,Automotive,212.0,0.84,7.3,304.0,564.0,0.514,0.471,1
Supplier_D,South,Heatwave,Road,Food,731.0,0.795,7.4,402.0,603.0,0.091,0.417,0
Supplier_D,West,Clear,Road,Electronics,581.0,0.855,5.4,254.0,808.0,0.01,0.424,0
Supplier_D,East,Clear,Road,Pharma,719.0,0.58,10.3,379.0,322.0,0.715,0.507,0
Supplier_D,West,Clear,Road,Automotive,254.0,0.872,,769.0,795.0,0.283,0.436,0
Supplier_D,North,Rain,Road,Textile,641.0,0.934,6.5,608.0,468.0,0.4,0.661,0
Supplier_A,West,Clear,Road,Pharma,603.0,0.828,4.2,475.0,1050.0,0.105,0.382,0
Supplier_E,Central,Heatwave,Air,Electronics,586.0,0.87,9.9,699.0,580.0,0.096,0.845,0
Supplier_C,North,Clear,Road,Pharma,372.0,0.764,1.0,272.0,230.0,0.207,0.372,0
Supplier_B,South,Clear,Sea,Textile,859.0,0.914,7.3,868.0,457.0,0.479,0.702,0
Supplier_C,West,Clear,Road,Food,1083.0,0.79,8.2,337.0,794.0,0.247,0.712,0
Supplier_E,West,Clear,Road,Food,261.0,0.608,3.5,781.0,518.0,0.283,0.536,0
Supplier_E,West,Clear,Road,Electronics,737.0,0.903,8.9,780.0,487.0,0.201,0.517,0
Supplier_E,East,Rain,Air,Automotive,50.0,0.535,5.9,104.0,658.0,0.583,0.34,0
Supplier_C,West,Clear,Road,Food,724.0,0.822,4.4,684.0,424.0,0.524,0.386,0
Supplier_D,West,Rain,Rail,Food,64.0,0.722,8.9,369.0,454.0,0.253,0.548,0
Supplier_B,North,Flood,Road,Textile,414.0,0.713,2.7,318.0,292.0,0.487,0.49,1
Supplier_D,West,Rain,Sea,Food,209.0,0.806,8.6,514.0,880.0,0.301,0.76,0
Supplier_D,East,Rain,Road,Textile,494.0,0.674,,239.0,231.0,0.282,0.4,0
Supplier_B,North,Clear,Road,Food,768.0,0.857,6.9,510.0,537.0,0.34,0.413,0
Supplier_B,East,Clear,Sea,Pharma,67.0,0.789,6.1,251.0,606.0,0.479,0.134,0
Supplier_A,East,Clear,Road,Textile,457.0,0.687,4.4,452.0,497.0,0.172,0.642,0
Supplier_A,North,Heatwave,Road,Automotive,417.0,0.981,7.2,660.0,224.0,0.45,0.622,1
Supplier_C,Central,Rain,Sea,Automotive,961.0,0.811,5.8,490.0,280.0,0.85,0.715,1
Supplier_C,South,Clear,Road,Pharma,662.0,0.875,9.2,355.0,615.0,0.387,0.727,0
Supplier_A,South,Clear,Road,Automotive,244.0,0.992,7.7,517.0,328.0,0.357,0.674,0
Supplier_C,East,Flood,Road,Food,427.0,0.99,7.4,167.0,44.0,0.333,0.683,1
Supplier_D,Central,Rain,Road,Electronics,955.0,0.867,6.9,269.0,585.0,0.446,0.634,0
Supplier_B,West,Rain,Sea,Pharma,736.0,0.735,4.6,343.0,308.0,0.028,0.668,0
Supplier_B,West,Flood,Rail,Textile,311.0,0.566,5.1,562.0,639.0,0.69,0.095,1
Supplier_B,South,Rain,Rail,Food,481.0,0.811,6.7,493.0,456.0,0.546,0.258,0
Supplier_C,Central,Rain,Road,Automotive,489.0,0.944,5.5,516.0,445.0,0.221,0.222,0
Supplier_B,Central,Clear,Air,Electronics,410.0,0.833,9.3,415.0,511.0,0.356,0.779,0
Supplier_D,East,Clear,Air,Pharma,105.0,0.263,6.3,278.0,250.0,0.239,0.328,0
Supplier_B,East,Heatwave,Road,Textile,374.0,0.911,7.1,688.0,318.0,0.41,0.363,0
Supplier_C,North,Rain,Sea,Food,911.0,0.92,1.8,294.0,443.0,0.362,0.501,0
Supplier_B,West,Clear,Rail,Textile,451.0,0.735,8.8,495.0,248.0,0.396,0.226,0
Supplier_A,Central,Rain,Air,Textile,523.0,0.928,4.3,400.0,657.0,0.144,0.584,0
Supplier_D,East,Clear,Road,Pharma,587.0,0.874,2.9,521.0,432.0,0.254,0.031,0
Supplier_B,East,Flood,Road,Textile,1127.0,0.677,10.9,311.0,181.0,0.579,0.241,1
Supplier_B,East,Clear,Air,Automotive,552.0,0.971,8.1,609.0,377.0,0.243,0.544,0
Supplier_D,North,Storm,Air,Electronics,834.0,0.59,8.9,668.0,522.0,0.01,0.227,1
Supplier_E,West,Rain,Road,Electronics,394.0,0.771,7.4,598.0,402.0,0.32,0.786,1
Supplier_D,West,Clear,Road,Electronics,483.0,0.756,5.7,448.0,588.0,0.832,0.51,0
Supplier_E,Central,Clear,Sea,Automotive,553.0,0.656,5.2,342.0,626.0,0.52,0.749,1
Supplier_E,Central,Storm,Road,Electronics,349.0,0.826,8.3,928.0,1028.0,0.233,0.579,1
Supplier_C,East,Clear,Road,Pharma,497.0,0.977,9.4,242.0,753.0,0.34,0.497,0
Supplier_D,Central,Clear,Rail,Food,781.0,0.967,,579.0,140.0,0.486,0.281,0
Supplier_B,East,Storm,Road,Electronics,342.0,0.889,12.2,480.0,421.0,0.01,0.704,1
Supplier_C,West,Clear,Road,Pharma,550.0,0.526,5.4,409.0,441.0,0.179,0.597,0
Supplier_C,West,Clear,Road,Automotive,734.0,0.58,1.8,453.0,627.0,0.43,0.959,1
Supplier_E,Central,Clear,Sea,Textile,336.0,0.805,1.0,328.0,295.0,0.669,0.682,0
Supplier_E,West,Flood,Road,Food,835.0,0.775,1.0,497.0,383.0,0.262,0.413,1
Supplier_C,North,Clear,Air,Automotive,569.0,0.705,4.8,477.0,226.0,0.663,0.564,0
Supplier_D,North,Clear,Sea,Food,507.0,1.0,5.3,902.0,368.0,0.199,0.593,0
Supplier_B,East,Clear,Air,Food,50.0,0.796,8.0,613.0,376.0,0.01,0.756,0
Supplier_E,East,Clear,Rail,Food,453.0,0.861,5.9,513.0,431.0,0.499,0.791,0
Supplier_C,West,Clear,Rail,Textile,647.0,0.928,8.5,524.0,239.0,0.458,0.464,0
Supplier_C,East,Clear,Road,Electronics,1004.0,0.788,6.1,751.0,716.0,0.497,0.233,0
Supplier_D,East,Clear,Rail,Food,698.0,1.0,6.0,245.0,604.0,0.489,,0
Supplier_D,Central,Clear,Sea,Electronics,843.0,0.639,4.3,387.0,181.0,0.388,0.249,0
Supplier_A,South,Flood,Air,Textile,236.0,0.689,10.3,77.0,506.0,0.298,0.37,1
Supplier_B,East,Clear,Road,Automotive,517.0,0.639,1.4,521.0,156.0,0.306,0.831,0
Supplier_A,East,Clear,Road,Electronics,867.0,1.0,6.9,573.0,795.0,0.258,0.834,0
Supplier_D,East,Heatwave,Sea,Automotive,319.0,0.9,5.5,241.0,855.0,0.27,0.711,0
Supplier_A,Central,Flood,Road,Food,801.0,0.698,8.3,678.0,488.0,0.01,0.771,1
Supplier_B,Central,Rain,Sea,Electronics,741.0,0.65,5.9,291.0,312.0,0.107,0.344,0
Supplier_C,East,Clear,Road,Textile,621.0,0.988,6.0,358.0,354.0,0.317,0.167,0
Supplier_D,East,Clear,Air,Pharma,465.0,0.834,5.2,442.0,400.0,0.01,0.279,0
Supplier_C,East,Clear,Sea,Electronics,294.0,0.992,10.2,707.0,476.0,0.01,0.052,0
Supplier_E,North,Clear,Rail,Automotive,1012.0,0.771,6.0,266.0,802.0,0.283,0.255,0
Supplier_E,East,Clear,Road,Pharma,714.0,0.857,11.9,472.0,710.0,0.324,0.389,0
Supplier_A,South,Rain,Sea,Automotive,639.0,0.825,6.8,559.0,714.0,0.287,0.537,1
Supplier_E,North,Clear,Road,Electronics,443.0,0.686,6.1,522.0,538.0,0.01,0.53,0
Supplier_D,North,Rain,Road,Textile,560.0,,5.6,529.0,246.0,0.66,0.348,1
Supplier_D,East,Clear,Rail,Food,593.0,0.602,7.7,557.0,331.0,0.063,0.625,0
Supplier_A,North,Clear,Road,Food,654.0,0.854,4.2,320.0,513.0,0.186,0.353,0
Supplier_D,West,Storm,Air,Textile,741.0,0.894,6.4,724.0,236.0,0.098,0.502,1
Supplier_D,East,Flood,Road,Food,347.0,0.929,6.0,400.0,567.0,0.61,0.256,1
Supplier_C,South,Clear,Road,Electronics,169.0,0.88,7.0,376.0,677.0,0.434,0.74,0
Supplier_A,West,Rain,Sea,Food,572.0,0.761,7.1,663.0,620.0,0.255,0.505,0
Supplier_C,East,Clear,Road,Automotive,96.0,1.0,7.2,306.0,611.0,0.241,0.649,0
Supplier_E,West,Clear,Rail,Pharma,466.0,0.914,6.3,478.0,89.0,0.386,0.232,0
Supplier_D,West,Storm,Air,Electronics,418.0,0.988,10.7,290.0,793.0,0.101,0.538,1
Supplier_A,North,Clear,Sea,Electronics,678.0,0.998,7.3,873.0,155.0,0.426,0.626,0
Supplier_E,South,Clear,Rail,Textile,1065.0,0.761,13.8,836.0,466.0,0.24,,0
Supplier_E,East,Rain,Sea,Electronics,50.0,0.838,6.1,400.0,636.0,0.454,0.757,0
Supplier_A,Central,Clear,Road,Food,1141.0,0.896,8.9,514.0,579.0,0.447,0.225,0
Supplier_E,North,Clear,Road,Textile,489.0,0.608,3.8,421.0,219.0,0.231,0.546,0
Supplier_C,North,Clear,Sea,Pharma,640.0,0.611,10.2,357.0,258.0,0.01,0.893,1
Supplier_C,Central,Heatwave,Sea,Pharma,182.0,0.585,3.9,442.0,563.0,0.301,0.71,1
Supplier_C,Central,Rain,Rail,Automotive,809.0,0.764,7.4,413.0,612.0,0.06,0.172,0
Supplier_D,North,Clear,Rail,Automotive,561.0,0.73,5.2,146.0,256.0,0.366,0.461,0
Supplier_E,East,Clear,Rail,Electronics,534.0,0.565,7.4,467.0,586.0,0.299,0.771,0
Supplier_D,West,Rain,Road,Food,50.0,0.802,5.3,412.0,167.0,0.232,0.32,0
Supplier_E,North,Clear,Sea,Electronics,569.0,0.766,3.6,476.0,637.0,0.091,0.421,0
Supplier_E,South,Rain,Sea,Pharma,770.0,0.957,5.2,406.0,306.0,0.587,0.415,0
Supplier_A,South,Storm,Rail,Pharma,489.0,1.0,10.6,355.0,518.0,0.259,,1
Supplier_B,West,Clear,Road,Textile,855.0,0.848,7.4,577.0,481.0,0.821,0.162,0
Supplier_D,South,Clear,Road,Textile,845.0,0.676,2.1,516.0,755.0,0.357,0.638,0
Supplier_C,East,Clear,Road,Automotive,383.0,0.877,,671.0,553.0,0.42,0.363,0
Supplier_A,South,Clear,Air,Automotive,965.0,0.781,3.3,509.0,368.0,0.358,0.498,0
Supplier_A,West,Clear,Rail,Electronics,562.0,0.744,8.2,384.0,579.0,0.418,0.451,0
Supplier_C,North,Flood,Road,Electronics,563.0,0.651,7.7,531.0,971.0,0.569,0.632,1
Supplier_D,South,Clear,Rail,Automotive,576.0,0.71,7.8,63.0,663.0,0.571,0.495,0
Supplier_A,South,Rain,Sea,Food,568.0,0.753,11.6,799.0,487.0,0.01,0.817,1
Supplier_A,Central,Rain,Road,Food,50.0,0.901,3.5,469.0,317.0,0.521,0.718,0
Supplier_A,Central,Clear,Rail,Automotive,502.0,0.857,7.8,813.0,364.0,0.449,0.325,0
Supplier_C,East,Clear,Rail,Pharma,195.0,1.0,9.8,264.0,650.0,0.357,0.8,0
Supplier_A,North,Clear,Road,Automotive,973.0,0.881,4.1,219.0,305.0,0.693,0.57,0
Supplier_C,West,Rain,Rail,Automotive,962.0,0.844,3.8,486.0,501.0,0.701,0.537,1
Supplier_C,East,Clear,Rail,Pharma,772.0,0.734,5.1,485.0,816.0,0.531,0.687,0
Supplier_C,Central,Storm,Road,Automotive,488.0,0.624,7.0,481.0,533.0,0.241,0.271,1
Supplier_D,South,Flood,Road,Electronics,288.0,0.695,1.8,453.0,263.0,0.112,0.197,1
Supplier_C,Central,Storm,Sea,Pharma,379.0,0.675,7.7,307.0,979.0,0.501,,1
Supplier_D,Central,Heatwave,Road,Automotive,1055.0,0.396,1.8,153.0,888.0,0.622,0.367,1
Supplier_D,South,Storm,Rail,Textile,370.0,0.629,9.9,471.0,610.0,0.01,0.956,1
Supplier_E,West,Flood,Rail,Electronics,50.0,1.0,7.5,189.0,781.0,0.567,0.332,1
Supplier_D,South,Flood,Sea,Automotive,818.0,0.835,11.7,172.0,441.0,0.299,0.509,1
Supplier_C,South,Storm,Air,Food,940.0,0.724,8.0,351.0,659.0,0.01,0.542,1
Supplier_C,South,Storm,Sea,Automotive,981.0,0.84,5.1,498.0,407.0,0.444,0.771,1
Supplier_B,West,Heatwave,Rail,Automotive,820.0,0.487,3.6,778.0,202.0,0.532,0.281,1
Supplier_C,South,Clear,Road,Electronics,862.0,0.822,6.7,596.0,1070.0,0.28,0.145,0
Supplier_A,West,Rain,Road,Automotive,564.0,,5.9,678.0,191.0,0.139,0.807,0
Supplier_E,East,Rain,Road,Pharma,50.0,0.762,9.6,538.0,565.0,0.692,0.518,1
Supplier_E,West,Flood,Road,Electronics,557.0,0.514,3.2,486.0,563.0,0.216,0.678,1
Supplier_A,Central,Clear,Road,Food,712.0,0.718,12.1,871.0,614.0,0.582,0.688,0
Supplier_D,North,Storm,Road,Electronics,515.0,0.972,9.8,182.0,480.0,0.047,0.727,0
Supplier_A,Central,Storm,Road,Automotive,503.0,0.819,5.4,346.0,483.0,0.433,0.417,1
Supplier_D,North,Heatwave,Road,Food,299.0,0.567,11.4,360.0,530.0,0.428,0.357,1
Supplier_A,East,Clear,Road,Food,290.0,1.0,3.7,581.0,606.0,0.525,0.061,0
Supplier_C,South,Storm,Air,Electronics,1028.0,0.592,6.6,244.0,500.0,0.649,0.281,1
Supplier_D,West,Storm,Rail,Automotive,1037.0,0.744,2.2,557.0,485.0,0.187,0.514,1
Supplier_D,West,Heatwave,Sea,Electronics,549.0,0.624,11.5,524.0,209.0,0.454,0.346,1
Supplier_C,Central,Heatwave,Rail,Pharma,623.0,0.625,1.1,566.0,943.0,0.077,0.249,0
Supplier_E,East,Rain,Sea,Pharma,295.0,,1.7,563.0,618.0,0.074,0.511,0
Supplier_D,Central,Rain,Air,Automotive,717.0,0.875,4.1,697.0,546.0,0.234,0.795,0
Supplier_B,South,Clear,Road,Food,1008.0,0.974,10.0,411.0,363.0,0.432,0.488,0
Supplier_D,South,Heatwave,Sea,Textile,152.0,0.722,8.9,515.0,279.0,0.685,0.251,0
Supplier_D,South,Clear,Road,Textile,671.0,0.628,6.4,287.0,689.0,0.722,0.78,1
Supplier_B,East,Storm,Rail,Automotive,690.0,0.852,9.1,246.0,465.0,0.279,0.33,1
Supplier_D,West,Storm,Air,Electronics,687.0,0.856,5.7,738.0,637.0,0.411,0.825,1
Supplier_E,Central,Clear,Road,Automotive,977.0,0.816,7.3,274.0,203.0,0.539,0.442,0
Supplier_E,South,Clear,Rail,Pharma,1079.0,0.821,11.0,535.0,840.0,0.503,0.523,0
Supplier_D,South,Clear,Road,Textile,489.0,0.763,5.3,516.0,698.0,0.316,0.843,0
Supplier_D,Central,Flood,Road,Textile,725.0,0.795,3.7,631.0,482.0,0.365,0.203,1
Supplier_B,East,Rain,Road,Electronics,572.0,0.753,7.4,122.0,603.0,0.328,0.269,0
Supplier_D,South,Clear,Road,Electronics,386.0,0.941,8.2,580.0,663.0,0.308,0.428,0
Supplier_B,Central,Storm,Road,Automotive,620.0,1.0,6.3,410.0,206.0,0.282,0.469,1
Supplier_C,East,Clear,Rail,Electronics,725.0,0.807,9.0,312.0,869.0,0.326,1.0,1
Supplier_B,Central,Flood,Rail,Textile,606.0,0.779,5.4,375.0,606.0,0.269,0.305,1
Supplier_B,Central,Clear,Rail,Food,321.0,0.818,6.4,607.0,345.0,0.123,0.213,0
Supplier_A,Central,Clear,Air,Food,429.0,0.681,7.1,552.0,259.0,0.523,0.294,0
Supplier_E,East,Clear,Road,Textile,431.0,0.895,6.9,397.0,717.0,0.453,0.551,0
Supplier_A,West,Rain,Road,Pharma,331.0,0.846,10.8,215.0,546.0,0.725,0.608,1
Supplier_A,Central,Clear,Air,Food,632.0,0.717,7.1,228.0,606.0,0.424,0.344,0
Supplier_E,South,Storm,Sea,Textile,659.0,0.915,5.1,556.0,506.0,0.267,0.505,1
Supplier_C,North,Clear,Road,Electronics,805.0,0.783,7.6,190.0,279.0,0.225,0.928,0
Supplier_C,South,Clear,Road,Electronics,327.0,0.634,9.0,399.0,612.0,0.359,0.508,0
Supplier_D,West,Clear,Air,Electronics,400.0,0.833,8.3,903.0,457.0,0.461,0.571,0
Supplier_B,East,Clear,Sea,Pharma,954.0,0.816,8.2,503.0,495.0,0.301,0.916,1
Supplier_A,North,Heatwave,Road,Electronics,507.0,0.924,1.5,554.0,1023.0,0.056,0.346,0
Supplier_D,East,Clear,Road,Electronics,558.0,0.905,1.0,229.0,691.0,0.202,0.332,0
Supplier_A,North,Heatwave,Road,Textile,504.0,0.764,9.8,199.0,704.0,0.354,0.397,0
Supplier_C,East,Clear,Rail,Food,845.0,0.709,7.3,563.0,1099.0,0.498,0.384,0
Supplier_E,East,Clear,Sea,Pharma,855.0,0.78,5.9,369.0,585.0,0.053,0.099,0
Supplier_E,West,Clear,Air,Food,839.0,0.834,8.1,631.0,526.0,0.403,0.53,0
Supplier_B,East,Clear,Road,Textile,557.0,0.853,11.8,446.0,351.0,0.394,0.548,0
Supplier_D,East,Storm,Rail,Food,323.0,0.825,10.2,1060.0,400.0,0.26,0.459,1
Supplier_D,West,Rain,Sea,Food,1051.0,0.766,8.9,335.0,50.0,0.233,0.554,1
Supplier_C,West,Clear,Rail,Textile,773.0,0.93,3.3,490.0,674.0,0.203,0.557,0
Supplier_A,Central,Rain,Sea,Electronics,431.0,0.679,3.7,277.0,221.0,0.378,0.21,0
Supplier_B,South,Rain,Road,Food,920.0,1.0,1.0,624.0,699.0,0.575,0.564,0
Supplier_D,East,Heatwave,Road,Automotive,411.0,0.894,7.9,517.0,491.0,0.59,0.623,1
Supplier_E,South,Heatwave,Rail,Food,917.0,,9.3,265.0,528.0,0.125,0.149,0
Supplier_A,East,Rain,Rail,Textile,934.0,0.808,9.6,381.0,491.0,0.313,0.822,0
Supplier_D,North,Storm,Sea,Textile,310.0,0.896,8.0,685.0,805.0,0.01,0.228,1
Supplier_E,East,Storm,Rail,Pharma,701.0,0.728,5.5,663.0,766.0,0.372,0.25,0
Supplier_E,North,Rain,Road,Textile,753.0,0.556,4.3,183.0,494.0,0.47,0.544,0
Supplier_C,East,Storm,Road,Pharma,1230.0,0.624,3.5,354.0,302.0,0.664,0.618,1
Supplier_A,Central,Clear,Rail,Pharma,357.0,0.861,5.5,766.0,703.0,0.01,0.671,0
Supplier_B,Central,Storm,Road,Textile,922.0,0.517,3.1,408.0,286.0,0.132,0.623,1
Supplier_E,East,Heatwave,Air,Electronics,555.0,0.563,11.3,471.0,158.0,0.379,0.386,0
Supplier_E,North,Clear,Road,Pharma,227.0,0.861,2.1,623.0,610.0,0.026,0.524,0
Supplier_D,South,Flood,Road,Automotive,519.0,0.747,5.4,198.0,768.0,0.384,,1
Supplier_A,North,Heatwave,Rail,Food,551.0,0.676,1.0,269.0,411.0,0.475,0.538,0
Supplier_A,West,Clear,Road,Textile,275.0,0.706,6.9,380.0,589.0,0.094,0.515,0
Supplier_C,Central,Rain,Air,Pharma,631.0,0.559,6.0,655.0,409.0,0.377,0.389,0
Supplier_C,East,Heatwave,Rail,Food,799.0,0.853,4.9,622.0,659.0,0.108,0.424,0
Supplier_A,North,Heatwave,Rail,Electronics,612.0,0.659,3.2,568.0,741.0,0.625,0.093,0
Supplier_D,North,Clear,Air,Pharma,409.0,0.7,6.0,413.0,442.0,0.391,0.683,0
Supplier_C,Central,Clear,Air,Electronics,511.0,0.832,4.4,641.0,274.0,0.222,0.565,0
Supplier_A,South,Rain,Sea,Automotive,549.0,0.742,5.6,411.0,179.0,0.102,0.01,0
Supplier_A,North,Clear,Road,Pharma,607.0,0.674,11.9,542.0,704.0,0.428,0.674,0
Supplier_C,North,Clear,Road,Automotive,839.0,0.482,6.5,602.0,250.0,0.622,0.488,1
Supplier_D,South,Clear,Air,Pharma,621.0,0.835,7.6,743.0,582.0,0.196,0.294,0
Supplier_E,West,Clear,Rail,Food,185.0,0.792,4.6,428.0,671.0,0.262,0.274,0
Supplier_C,Central,Rain,Rail,Textile,404.0,0.702,3.6,373.0,390.0,0.2,0.349,0
Supplier_B,South,Rain,Rail,Textile,593.0,0.624,5.9,671.0,463.0,0.661,0.295,0
Supplier_E,West,Rain,Air,Electronics,842.0,0.782,13.5,685.0,720.0,0.01,0.325,0
Supplier_C,North,Storm,Road,Automotive,887.0,0.852,5.1,340.0,322.0,0.607,0.874,1
Supplier_B,North,Clear,Rail,Textile,1011.0,0.795,7.1,239.0,300.0,0.275,0.582,0
Supplier_C,North,Clear,Road,Automotive,584.0,1.0,3.5,657.0,448.0,0.336,0.948,0
Supplier_A,Central,Clear,Road,Electronics,748.0,0.886,1.0,142.0,781.0,0.282,0.55,0
Supplier_B,East,Clear,Air,Automotive,172.0,0.764,3.6,133.0,854.0,0.398,0.627,0
Supplier_C,Central,Clear,Rail,Automotive,662.0,0.891,13.1,390.0,478.0,0.204,0.306,0
Supplier_E,North,Clear,Road,Automotive,270.0,0.787,7.8,438.0,343.0,0.562,0.463,0
Supplier_D,North,Clear,Sea,Food,534.0,0.787,10.9,229.0,734.0,0.57,,0
Supplier_D,Central,Clear,Air,Food,1338.0,0.974,5.0,460.0,133.0,0.153,0.636,0
Supplier_C,North,Rain,Rail,Automotive,629.0,0.645,1.0,468.0,554.0,0.483,0.489,0
Supplier_A,North,Rain,Sea,Food,325.0,0.783,2.7,334.0,490.0,0.279,0.577,0
Supplier_B,East,Heatwave,Road,Automotive,656.0,0.958,7.2,786.0,785.0,0.36,0.569,0
Supplier_E,West,Storm,Air,Automotive,416.0,0.826,6.7,497.0,807.0,0.655,0.433,1
Supplier_A,South,Rain,Road,Pharma,300.0,0.725,6.0,623.0,293.0,0.215,0.411,1
Supplier_E,East,Clear,Road,Automotive,1097.0,0.524,4.4,158.0,537.0,0.535,0.353,0
Supplier_D,West,Rain,Road,Automotive,827.0,0.439,8.8,156.0,374.0,0.441,0.738,1
Supplier_B,East,Clear,Road,Food,640.0,1.0,4.5,503.0,435.0,0.311,0.433,0
Supplier_D,South,Clear,Rail,Automotive,448.0,0.826,6.9,754.0,636.0,0.423,0.572,0
Supplier_E,North,Clear,Road,Electronics,469.0,0.692,6.6,238.0,426.0,0.4,0.466,0
Supplier_A,East,Clear,Rail,Pharma,951.0,0.832,4.9,446.0,543.0,0.118,0.734,0
Supplier_A,Central,Clear,Road,Automotive,630.0,0.638,3.4,198.0,711.0,0.229,0.063,0
Supplier_D,West,Rain,Road,Textile,50.0,0.73,4.7,291.0,833.0,0.141,0.567,0
Supplier_E,Central,Flood,Sea,Automotive,1179.0,0.639,11.6,455.0,564.0,0.295,,1
Supplier_A,North,Storm,Air,Automotive,598.0,0.568,9.3,331.0,526.0,0.619,0.586,1
Supplier_D,North,Rain,Sea,Pharma,639.0,0.464,9.1,185.0,256.0,0.466,0.468,1
Supplier_A,East,Rain,Rail,Automotive,833.0,0.54,3.6,181.0,849.0,0.063,0.175,0
Supplier_D,North,Clear,Road,Pharma,671.0,0.933,1.7,81.0,609.0,0.295,0.574,0
Supplier_D,East,Storm,Rail,Electronics,744.0,0.632,9.3,506.0,530.0,0.397,0.549,1
Supplier_A,Central,Rain,Rail,Pharma,440.0,0.86,8.7,528.0,519.0,0.499,0.449,0
Supplier_D,South,Clear,Road,Automotive,230.0,0.923,6.4,527.0,579.0,0.22,0.477,0
Supplier_E,East,Clear,Sea,Textile,623.0,0.782,4.9,256.0,670.0,0.103,0.536,0
Supplier_E,West,Heatwave,Rail,Food,922.0,0.735,1.6,601.0,697.0,0.339,0.759,1
Supplier_A,North,Rain,Air,Textile,382.0,0.8,8.6,547.0,854.0,0.464,0.431,0
Supplier_B,Central,Clear,Rail,Automotive,361.0,0.718,9.6,421.0,553.0,0.397,0.723,0
Supplier_B,South,Rain,Rail,Food,867.0,0.961,4.0,392.0,886.0,0.173,0.492,0
Supplier_C,Central,Clear,Road,Textile,431.0,1.0,3.7,303.0,733.0,0.701,0.785,0
Supplier_A,West,Clear,Sea,Food,443.0,0.997,9.7,455.0,487.0,0.33,0.448,0
Supplier_E,North,Clear,Road,Food,453.0,0.457,4.1,711.0,133.0,0.389,0.353,0
Supplier_D,West,Clear,Road,Automotive,533.0,0.714,11.3,625.0,519.0,0.218,0.259,0
Supplier_E,North,Rain,Road,Automotive,141.0,0.781,5.7,374.0,843.0,0.571,0.493,1
Supplier_A,East,Clear,Rail,Food,410.0,0.849,4.8,517.0,329.0,0.464,0.326,0
Supplier_A,Central,Storm,Sea,Food,610.0,0.521,6.1,222.0,518.0,0.413,0.809,1
Supplier_E,Central,Clear,Sea,Textile,608.0,0.518,4.8,551.0,536.0,0.12,0.308,0
Supplier_B,Central,Rain,Air,Electronics,851.0,0.976,9.4,270.0,707.0,0.569,0.348,0
Supplier_D,East,Rain,Sea,Electronics,1028.0,0.696,8.7,544.0,415.0,0.501,0.628,1
Supplier_E,East,Rain,Air,Food,943.0,0.557,9.3,954.0,309.0,0.553,0.761,0
Supplier_A,South,Rain,Road,Electronics,788.0,0.614,6.6,317.0,625.0,0.357,0.661,1
Supplier_A,Central,Heatwave,Rail,Pharma,511.0,0.839,4.6,946.0,336.0,0.335,0.733,0
Supplier_A,East,Rain,Road,Food,388.0,0.657,6.0,508.0,96.0,0.314,0.482,0
Supplier_A,West,Storm,Road,Food,555.0,0.816,4.7,285.0,905.0,0.806,0.485,1
Supplier_A,South,Storm,Road,Pharma,702.0,0.633,10.4,277.0,704.0,0.242,0.943,1
Supplier_E,West,Clear,Road,Pharma,764.0,0.518,9.0,846.0,914.0,0.113,0.872,0
Supplier_D,South,Clear,Sea,Automotive,712.0,0.994,5.7,509.0,692.0,0.275,0.657,0
Supplier_E,West,Clear,Sea,Textile,518.0,0.84,3.2,318.0,650.0,0.243,0.743,0
Supplier_E,North,Clear,Road,Automotive,755.0,0.73,10.6,383.0,581.0,0.602,0.689,0
Supplier_E,North,Clear,Air,Food,878.0,0.702,,498.0,459.0,0.079,0.235,0
Supplier_B,South,Clear,Road,Electronics,779.0,1.0,5.6,418.0,613.0,0.238,0.491,0
Supplier_B,East,Rain,Road,Pharma,542.0,0.869,10.6,482.0,378.0,0.388,0.829,1
Supplier_E,West,Clear,Road,Food,333.0,0.952,4.5,739.0,265.0,0.604,0.658,0
Supplier_B,South,Storm,Road,Pharma,327.0,0.692,5.0,217.0,427.0,0.493,0.486,1
Supplier_A,North,Clear,Road,Automotive,373.0,0.788,5.3,536.0,784.0,0.674,0.832,0
Supplier_D,South,Storm,Road,Pharma,617.0,0.84,2.1,407.0,229.0,0.419,0.581,1
Supplier_E,East,Clear,Road,Textile,685.0,0.697,6.9,330.0,232.0,0.309,0.666,0
Supplier_E,East,Clear,Road,Pharma,182.0,0.766,3.7,613.0,630.0,0.521,,0
Supplier_E,West,Clear,Sea,Food,419.0,0.692,4.3,157.0,409.0,0.077,0.619,0
Supplier_A,South,Rain,Road,Automotive,613.0,0.84,3.9,20.0,607.0,0.01,0.635,0
Supplier_D,West,Clear,Road,Pharma,316.0,0.582,4.2,460.0,718.0,0.545,0.786,0
Supplier_E,West,Heatwave,Rail,Automotive,663.0,0.866,3.5,395.0,602.0,0.392,0.815,0
Supplier_D,West,Clear,Road,Food,470.0,0.827,6.7,176.0,361.0,0.543,0.401,0
Supplier_E,East,Rain,Rail,Automotive,362.0,0.75,5.5,112.0,782.0,0.18,0.578,0
Supplier_E,Central,Clear,Road,Food,564.0,0.847,6.1,768.0,663.0,0.607,0.78,0
Supplier_C,South,Rain,Rail,Textile,652.0,0.725,13.1,503.0,506.0,0.484,0.471,0
Supplier_A,West,Clear,Rail,Automotive,329.0,0.679,5.5,424.0,495.0,0.344,0.212,0
Supplier_C,North,Clear,Air,Electronics,487.0,0.862,7.8,815.0,582.0,0.391,0.3,0
Supplier_B,North,Clear,Rail,Food,672.0,0.868,8.2,604.0,431.0,0.419,0.315,0
Supplier_A,Central,Clear,Road,Textile,352.0,0.704,5.8,738.0,141.0,0.179,0.399,0
Supplier_A,East,Clear,Road,Pharma,119.0,0.691,6.8,208.0,665.0,0.273,0.336,0
Supplier_D,West,Heatwave,Road,Food,150.0,0.753,6.1,201.0,652.0,0.416,0.726,1
Supplier_C,West,Clear,Rail,Automotive,441.0,0.697,6.6,531.0,20.0,0.265,0.439,0
Supplier_C,West,Clear,Road,Pharma,207.0,1.0,4.2,495.0,612.0,0.056,0.777,0
Supplier_D,South,Heatwave,Road,Food,460.0,0.827,4.5,645.0,886.0,0.409,0.251,0
Supplier_C,North,Clear,Air,Food,983.0,0.782,6.1,126.0,252.0,0.517,0.422,0
Supplier_D,North,Clear,Road,Electronics,192.0,0.64,1.0,547.0,484.0,0.564,0.523,0
Supplier_A,Central,Storm,Road,Electronics,477.0,0.891,10.5,598.0,460.0,0.456,0.678,1
Supplier_E,South,Heatwave,Air,Food,1104.0,0.688,12.5,589.0,865.0,0.514,0.752,1
Supplier_C,East,Storm,Road,Electronics,656.0,0.682,6.5,347.0,747.0,0.548,0.382,1
Supplier_A,East,Clear,Sea,Textile,454.0,0.896,8.0,513.0,307.0,0.366,0.719,0
Supplier_E,North,Heatwave,Sea,Food,509.0,0.838,9.2,280.0,575.0,0.01,0.13,0
Supplier_D,East,Clear,Sea,Automotive,662.0,0.404,2.0,367.0,1007.0,0.582,0.692,1
Supplier_A,North,Heatwave,Road,Pharma,991.0,0.756,8.8,232.0,363.0,0.171,0.205,0
Supplier_A,North,Flood,Road,Pharma,412.0,0.799,4.7,283.0,498.0,0.124,0.598,1
Supplier_A,North,Heatwave,Rail,Food,353.0,0.729,12.9,377.0,613.0,0.129,0.748,0
Supplier_B,Central,Clear,Rail,Automotive,192.0,0.804,5.4,332.0,366.0,0.847,0.695,0
Supplier_A,East,Clear,Rail,Pharma,577.0,0.509,8.7,283.0,888.0,0.438,0.139,0
Supplier_D,Central,Rain,Road,Pharma,185.0,0.355,5.5,186.0,396.0,0.142,0.402,1
Supplier_C,East,Rain,Road,Electronics,429.0,0.634,12.6,773.0,194.0,0.213,0.658,1
Supplier_E,South,Rain,Road,Food,314.0,0.822,4.5,330.0,385.0,0.35,0.651,0
Supplier_D,West,Heatwave,Road,Automotive,829.0,0.296,9.5,479.0,644.0,0.458,0.561,1
Supplier_D,Central,Rain,Road,Food,418.0,0.653,7.9,103.0,324.0,0.406,0.016,0
Supplier_C,East,Clear,Sea,Pharma,653.0,0.492,7.2,664.0,566.0,0.164,0.764,0
Supplier_A,North,Clear,Road,Pharma,133.0,0.744,6.7,450.0,624.0,0.413,0.803,0
Supplier_A,South,Clear,Rail,Pharma,584.0,1.0,4.0,340.0,234.0,0.228,0.536,0
Supplier_D,Central,Clear,Sea,Pharma,237.0,0.747,1.0,342.0,376.0,0.559,0.55,0
Supplier_A,East,Clear,Road,Pharma,439.0,0.764,9.2,576.0,577.0,0.361,0.611,0
Supplier_A,Central,Storm,Rail,Textile,1125.0,0.906,4.5,20.0,655.0,0.198,0.821,1
Supplier_B,East,Storm,Air,Pharma,792.0,0.783,9.5,272.0,381.0,0.488,0.555,1
Supplier_E,North,Rain,Road,Pharma,517.0,0.748,7.1,399.0,533.0,0.427,0.458,0
Supplier_C,Central,Clear,Rail,Automotive,1382.0,0.919,9.6,396.0,438.0,0.255,0.584,0
Supplier_D,West,Rain,Sea,Textile,312.0,0.851,8.4,871.0,660.0,0.496,0.498,1
Supplier_C,West,Storm,Air,Food,853.0,,1.0,359.0,614.0,0.476,0.5,0
Supplier_A,Central,Flood,Sea,Automotive,152.0,0.759,7.8,598.0,418.0,0.59,0.112,1
Supplier_B,North,Rain,Sea,Electronics,487.0,0.728,5.0,746.0,605.0,0.492,0.615,0
Supplier_A,Central,Storm,Road,Food,200.0,0.918,9.5,541.0,409.0,0.307,0.758,1
Supplier_D,South,Rain,Air,Electronics,617.0,0.73,7.8,299.0,601.0,0.012,0.724,0
Supplier_A,Central,Clear,Rail,Electronics,565.0,0.965,7.8,189.0,604.0,0.387,,0
Supplier_B,North,Flood,Air,Food,470.0,0.623,5.2,554.0,1022.0,0.418,0.488,1
Supplier_E,East,Clear,Air,Pharma,834.0,0.995,3.3,716.0,426.0,0.36,0.532,0
Supplier_C,West,Clear,Air,Electronics,403.0,0.851,4.7,518.0,469.0,0.01,0.762,0
Supplier_C,North,Clear,Sea,Electronics,635.0,0.635,1.0,642.0,358.0,0.486,0.691,1
Supplier_C,North,Rain,Road,Automotive,763.0,0.856,4.2,887.0,273.0,0.168,0.827,0
Supplier_D,Central,Rain,Air,Food,164.0,0.682,1.6,571.0,400.0,0.487,0.352,0
Supplier_B,North,Rain,Road,Pharma,355.0,0.785,1.7,222.0,646.0,0.69,0.351,0
Supplier_D,West,Clear,Rail,Textile,564.0,0.707,6.3,429.0,662.0,0.299,0.427,0
Supplier_E,Central,Clear,Air,Pharma,714.0,0.76,7.6,667.0,565.0,0.438,0.293,0
Supplier_C,West,Flood,Air,Textile,920.0,0.921,5.9,375.0,435.0,0.357,0.209,0
Supplier_C,East,Clear,Road,Pharma,494.0,0.858,4.5,691.0,391.0,0.455,0.603,0
Supplier_A,East,Heatwave,Rail,Electronics,468.0,,3.2,408.0,298.0,0.371,0.588,0
Supplier_B,West,Clear,Road,Electronics,323.0,0.62,5.0,480.0,377.0,0.247,0.554,0
Supplier_E,East,Rain,Road,Pharma,636.0,0.821,3.5,357.0,215.0,0.169,0.578,1
Supplier_C,East,Rain,Road,Electronics,473.0,0.831,5.8,449.0,799.0,0.668,0.178,1
Supplier_B,North,Flood,Sea,Electronics,479.0,0.679,1.4,458.0,904.0,0.438,0.394,1
Supplier_C,West,Clear,Road,Pharma,526.0,1.0,8.1,130.0,74.0,0.516,0.435,0
Supplier_C,West,Heatwave,Sea,Textile,693.0,0.902,4.3,341.0,564.0,0.43,0.511,1
Supplier_C,West,Rain,Road,Pharma,403.0,0.686,7.1,198.0,560.0,0.545,0.179,0
Supplier_D,North,Rain,Air,Pharma,349.0,0.672,8.7,347.0,546.0,0.171,0.296,0
Supplier_B,West,Rain,Rail,Textile,662.0,0.746,7.0,277.0,370.0,0.367,0.404,1
Supplier_D,West,Clear,Air,Pharma,50.0,0.73,8.4,602.0,725.0,0.451,0.733,0
Supplier_C,North,Rain,Rail,Textile,393.0,0.968,1.0,604.0,590.0,0.609,0.558,0
Supplier_E,Central,Clear,Air,Automotive,251.0,0.928,4.5,521.0,728.0,0.885,0.725,0
Supplier_A,East,Clear,Sea,Textile,863.0,0.785,9.3,192.0,338.0,0.432,0.473,0
Supplier_A,East,Rain,Rail,Food,435.0,0.882,7.5,402.0,196.0,0.218,0.5,0
Supplier_C,West,Rain,Road,Food,404.0,0.903,11.5,178.0,596.0,0.111,0.61,0
Supplier_C,East,Clear,Road,Pharma,537.0,0.789,11.1,393.0,288.0,0.169,0.461,0
Supplier_D,East,Clear,Air,Food,395.0,0.84,,537.0,732.0,0.195,0.363,0
Supplier_C,South,Clear,Rail,Automotive,445.0,0.869,5.2,599.0,32.0,0.01,0.172,0
Supplier_E,Central,Clear,Rail,Textile,575.0,0.853,3.1,505.0,397.0,0.215,0.368,0
Supplier_C,Central,Rain,Rail,Electronics,440.0,0.663,4.6,647.0,364.0,0.493,0.684,0
Supplier_A,North,Clear,Road,Electronics,438.0,0.678,4.8,467.0,427.0,0.365,0.777,0
Supplier_A,West,Flood,Air,Electronics,287.0,0.737,4.2,378.0,557.0,0.298,0.33,1
Supplier_E,North,Clear,Air,Automotive,250.0,0.674,3.2,577.0,587.0,0.026,0.119,0
Supplier_A,South,Clear,Air,Electronics,566.0,0.559,7.2,583.0,641.0,0.56,0.704,0
Supplier_E,Central,Flood,Air,Textile,630.0,0.881,11.1,326.0,666.0,0.452,0.515,1
Supplier_B,North,Clear,Sea,Pharma,179.0,0.832,8.8,488.0,462.0,0.347,0.204,0
Supplier_A,South,Clear,Rail,Pharma,748.0,0.579,5.0,367.0,964.0,0.01,0.01,0
Supplier_B,South,Heatwave,Sea,Textile,749.0,0.744,9.0,58.0,805.0,0.252,0.288,1
Supplier_D,West,Heatwave,Road,Automotive,803.0,,7.0,499.0,431.0,0.437,0.398,1
Supplier_C,East,Storm,Rail,Food,628.0,0.807,5.9,187.0,470.0,0.344,0.247,0
Supplier_D,East,Clear,Air,Textile,716.0,0.618,5.7,479.0,427.0,0.388,0.652,0
Supplier_D,Central,Rain,Rail,Automotive,1118.0,0.577,5.4,144.0,580.0,0.487,0.321,0
Supplier_C,East,Heatwave,Road,Automotive,472.0,0.858,8.0,290.0,286.0,0.381,0.503,1
Supplier_D,West,Heatwave,Rail,Pharma,278.0,0.55,6.4,342.0,326.0,0.48,1.0,1
Supplier_E,North,Clear,Road,Textile,151.0,0.745,3.8,636.0,23.0,0.181,0.526,0
Supplier_C,South,Clear,Sea,Automotive,1006.0,0.731,3.7,324.0,412.0,0.105,0.475,0
Supplier_A,Central,Clear,Road,Textile,1010.0,0.762,6.9,227.0,734.0,0.445,0.48,0
Supplier_C,Central,Clear,Road,Textile,310.0,0.818,7.3,486.0,467.0,0.486,0.647,1
Supplier_E,West,Rain,Rail,Food,361.0,1.0,5.1,381.0,479.0,0.454,0.62,0
Supplier_B,South,Clear,Road,Pharma,466.0,0.54,2.6,562.0,561.0,0.376,0.279,0
Supplier_E,North,Clear,Road,Textile,868.0,0.911,9.8,238.0,280.0,0.285,0.41,0
Supplier_C,Central,Clear,Rail,Textile,215.0,0.403,9.1,458.0,506.0,0.392,0.353,0
Supplier_D,West,Rain,Rail,Electronics,50.0,0.989,1.0,865.0,696.0,0.426,0.438,0
Supplier_B,South,Clear,Road,Automotive,1114.0,0.474,10.0,377.0,567.0,0.438,0.902,1
Supplier_E,East,Clear,Rail,Automotive,631.0,1.0,5.4,454.0,715.0,0.871,0.636,0
Supplier_A,West,Clear,Rail,Automotive,668.0,0.722,6.6,121.0,778.0,0.166,0.482,0
Supplier_B,East,Heatwave,Air,Textile,497.0,0.974,9.4,266.0,646.0,0.995,0.774,1
Supplier_C,Central,Clear,Road,Pharma,671.0,0.943,11.0,503.0,343.0,0.099,0.541,0
Supplier_C,North,Rain,Road,Textile,156.0,,9.0,361.0,424.0,0.427,0.14,0
Supplier_C,South,Clear,Sea,Automotive,331.0,0.726,6.7,531.0,925.0,0.111,0.866,0
Supplier_A,North,Clear,Rail,Electronics,577.0,0.654,1.9,496.0,569.0,0.411,0.466,0
Supplier_B,West,Clear,Road,Food,50.0,0.898,1.0,183.0,540.0,0.546,0.01,0
Supplier_A,West,Clear,Sea,Electronics,471.0,0.716,8.6,603.0,311.0,0.357,0.148,0
Supplier_C,Central,Clear,Road,Textile,455.0,0.657,10.0,196.0,480.0,0.545,0.748,0
Supplier_B,East,Rain,Air,Automotive,471.0,0.861,3.6,282.0,658.0,0.265,0.152,0
Supplier_C,North,Rain,Air,Textile,407.0,0.645,5.2,461.0,503.0,0.01,0.797,0
Supplier_C,East,Clear,Sea,Automotive,291.0,0.731,4.3,702.0,386.0,0.475,0.518,0
Supplier_D,North,Clear,Sea,Pharma,76.0,0.796,4.2,239.0,437.0,0.356,0.657,0
Supplier_C,West,Rain,Road,Food,588.0,0.684,9.2,447.0,762.0,0.254,0.444,0
Supplier_D,West,Clear,Air,Textile,472.0,0.706,6.7,448.0,647.0,0.268,0.615,0
Supplier_C,Central,Clear,Road,Electronics,192.0,1.0,5.3,538.0,617.0,0.431,0.57,0
Supplier_D,South,Clear,Rail,Textile,566.0,0.749,14.0,633.0,597.0,0.187,0.492,0
Supplier_D,South,Clear,Rail,Food,473.0,0.726,1.7,347.0,240.0,0.425,0.266,0
Supplier_B,North,Clear,Road,Food,430.0,0.754,7.6,602.0,560.0,0.588,0.579,0
Supplier_B,East,Heatwave,Road,Automotive,50.0,0.848,2.9,659.0,735.0,0.762,0.1,0
Supplier_D,East,Heatwave,Road,Electronics,728.0,0.625,5.5,741.0,443.0,0.631,0.705,1
Supplier_B,West,Heatwave,Road,Electronics,229.0,0.844,6.4,510.0,715.0,0.382,0.543,0
Supplier_C,West,Clear,Road,Electronics,566.0,0.818,8.5,448.0,620.0,0.402,0.602,0
Supplier_A,North,Clear,Sea,Automotive,340.0,0.512,5.2,335.0,682.0,0.27,0.01,0
Supplier_C,South,Clear,Rail,Electronics,449.0,1.0,4.9,157.0,511.0,0.257,0.252,0
Supplier_C,East,Clear,Air,Automotive,850.0,0.999,5.2,370.0,695.0,0.524,0.389,0
Supplier_D,South,Clear,Sea,Electronics,688.0,0.66,2.8,440.0,178.0,0.288,0.648,0
Supplier_C,North,Clear,Air,Automotive,844.0,0.612,7.9,400.0,507.0,0.423,0.293,0
Supplier_B,Central,Clear,Road,Textile,636.0,0.814,6.8,528.0,657.0,0.157,1.0,0
Supplier_E,West,Clear,Sea,Food,653.0,0.566,7.3,158.0,565.0,0.624,0.442,0
Supplier_C,East,Clear,Air,Pharma,87.0,0.985,5.8,387.0,741.0,0.286,0.276,0
Supplier_E,South,Storm,Air,Food,467.0,0.71,5.4,779.0,465.0,0.568,0.459,1
Supplier_D,Central,Clear,Sea,Automotive,492.0,1.0,9.5,599.0,380.0,0.209,0.291,0
Supplier_C,North,Flood,Rail,Automotive,868.0,0.656,9.1,531.0,139.0,0.199,0.239,1
Supplier_E,East,Clear,Rail,Automotive,418.0,0.763,10.2,490.0,440.0,0.616,0.722,0
Supplier_A,Central,Rain,Sea,Food,619.0,0.97,7.1,354.0,614.0,0.225,0.613,0
Supplier_E,Central,Clear,Rail,Automotive,609.0,0.732,10.1,104.0,667.0,0.036,0.614,0
Supplier_E,South,Rain,Sea,Pharma,851.0,0.821,4.8,502.0,192.0,0.142,0.781,1
Supplier_C,West,Clear,Road,Pharma,515.0,0.944,5.4,20.0,759.0,0.521,0.607,0
Supplier_D,North,Clear,Road,Textile,765.0,0.697,9.6,361.0,286.0,0.502,0.265,0
Supplier_C,North,Rain,Rail,Food,107.0,0.591,8.5,419.0,473.0,0.197,0.656,1
Supplier_B,South,Clear,Road,Textile,130.0,0.561,5.1,340.0,375.0,0.224,0.252,0
Supplier_D,Central,Clear,Sea,Automotive,50.0,0.868,2.9,811.0,592.0,0.485,0.395,0
Supplier_B,West,Heatwave,Road,Food,754.0,0.838,5.4,748.0,521.0,0.613,0.49,0
Supplier_B,East,Clear,Air,Food,725.0,0.939,3.9,606.0,649.0,0.336,0.468,0
Supplier_C,South,Rain,Road,Automotive,783.0,0.739,11.2,253.0,906.0,0.461,0.106,0
Supplier_E,North,Rain,Sea,Electronics,374.0,0.565,8.3,766.0,588.0,0.525,0.287,1
Supplier_B,South,Clear,Road,Food,403.0,0.427,3.7,531.0,373.0,0.781,0.495,1
Supplier_C,North,Clear,Road,Automotive,519.0,1.0,2.9,250.0,601.0,0.119,0.366,0
Supplier_A,North,Clear,Road,Electronics,925.0,0.859,3.7,426.0,928.0,0.216,0.748,0
Supplier_A,West,Storm,Rail,Electronics,990.0,0.801,4.3,593.0,644.0,0.249,0.785,1
Supplier_A,North,Clear,Sea,Electronics,756.0,0.822,5.5,312.0,708.0,0.516,0.254,0
Supplier_A,North,Clear,Sea,Food,636.0,0.565,9.3,445.0,149.0,0.3,0.513,0
Supplier_E,East,Clear,Road,Pharma,897.0,0.661,3.1,477.0,585.0,0.412,0.848,0
Supplier_E,South,Heatwave,Rail,Food,483.0,1.0,12.9,222.0,441.0,0.374,0.47,1
Supplier_E,East,Storm,Road,Electronics,448.0,0.879,3.2,371.0,350.0,0.35,0.41,1
Supplier_A,North,Heatwave,Rail,Pharma,516.0,0.665,1.8,235.0,495.0,0.371,0.689,0
Supplier_A,South,Rain,Rail,Electronics,296.0,0.596,11.1,576.0,524.0,0.556,0.44,1
Supplier_B,East,Rain,Road,Textile,504.0,0.703,10.0,257.0,363.0,0.156,0.78,1
Supplier_C,West,Rain,Rail,Food,259.0,0.733,5.5,473.0,541.0,0.32,0.369,0
Supplier_B,East,Heatwave,Sea,Electronics,817.0,1.0,7.1,170.0,462.0,0.107,0.396,0
Supplier_C,East,Rain,Road,Food,691.0,0.752,7.2,216.0,655.0,0.395,0.674,1
Supplier_A,East,Clear,Road,Textile,922.0,0.602,6.4,207.0,550.0,0.311,0.522,0
Supplier_D,South,Rain,Road,Textile,126.0,0.771,2.1,368.0,583.0,0.564,0.524,0
Supplier_B,South,Rain,Road,Textile,1044.0,0.82,1.0,452.0,715.0,0.349,0.08,0
Supplier_A,East,Clear,Road,Food,141.0,0.588,3.5,486.0,622.0,0.261,0.422,0
Supplier_D,North,Clear,Rail,Pharma,238.0,0.84,11.4,101.0,499.0,0.301,0.69,0
Supplier_E,West,Clear,Road,Pharma,389.0,0.961,11.6,390.0,41.0,0.695,0.328,0
Supplier_A,West,Flood,Air,Pharma,890.0,0.801,5.2,285.0,613.0,0.036,0.654,1
Supplier_C,South,Clear,Sea,Textile,609.0,0.66,3.1,516.0,299.0,0.224,0.559,0
Supplier_E,South,Flood,Sea,Electronics,487.0,0.701,6.8,372.0,481.0,0.357,0.456,1
Supplier_D,South,Clear,Air,Textile,344.0,,7.3,405.0,582.0,0.223,0.799,0
Supplier_E,West,Storm,Road,Textile,192.0,0.76,7.8,286.0,793.0,0.448,0.425,1
Supplier_C,West,Clear,Road,Textile,844.0,0.827,1.0,730.0,905.0,0.339,0.441,0
Supplier_B,North,Heatwave,Road,Automotive,758.0,0.646,15.5,189.0,297.0,0.401,0.454,1
Supplier_D,East,Rain,Sea,Textile,902.0,1.0,9.4,348.0,211.0,0.374,0.518,0
Supplier_A,North,Clear,Sea,Electronics,653.0,0.899,5.4,439.0,572.0,0.329,0.669,0
Supplier_B,East,Clear,Road,Textile,50.0,,3.8,375.0,553.0,0.092,0.176,0
Supplier_D,South,Clear,Road,Food,226.0,0.514,9.0,282.0,236.0,0.385,0.691,1
Supplier_D,South,Clear,Rail,Textile,671.0,0.632,7.5,94.0,496.0,0.01,0.515,0
Supplier_A,East,Storm,Road,Electronics,454.0,1.0,6.3,296.0,631.0,0.216,0.622,0
Supplier_C,South,Heatwave,Sea,Textile,405.0,0.914,7.4,247.0,229.0,0.448,1.0,1
Supplier_B,South,Rain,Road,Food,263.0,1.0,5.7,722.0,281.0,0.588,,0
Supplier_C,West,Rain,Road,Electronics,796.0,0.782,7.2,828.0,358.0,0.82,0.231,0
Supplier_E,Central,Clear,Road,Food,669.0,0.749,8.2,411.0,453.0,0.264,0.543,0
Supplier_A,North,Flood,Road,Electronics,680.0,0.593,7.0,167.0,653.0,0.177,0.577,1
Supplier_E,South,Flood,Road,Electronics,385.0,0.832,6.9,553.0,428.0,0.454,0.692,1
Supplier_C,Central,Clear,Sea,Food,596.0,0.751,10.2,243.0,512.0,0.724,0.382,0
Supplier_D,East,Heatwave,Road,Textile,202.0,0.745,1.2,321.0,994.0,0.657,0.317,0
Supplier_C,South,Clear,Rail,Electronics,516.0,1.0,3.6,307.0,290.0,0.143,0.163,0
Supplier_B,East,Storm,Road,Pharma,50.0,0.761,6.1,330.0,356.0,0.322,0.199,1
Supplier_D,North,Heatwave,Road,Pharma,142.0,0.98,3.8,356.0,649.0,0.52,0.408,0
Supplier_D,North,Storm,Road,Food,466.0,0.542,4.8,184.0,717.0,0.534,0.474,1
Supplier_A,West,Clear,Road,Electronics,1168.0,1.0,9.9,294.0,591.0,0.468,0.954,0
Supplier_D,East,Rain,Road,Automotive,82.0,0.724,5.6,604.0,898.0,0.26,0.128,0
Supplier_D,West,Clear,Road,Food,227.0,0.886,1.0,414.0,570.0,0.467,0.574,0
Supplier_B,South,Storm,Sea,Textile,606.0,0.91,4.7,443.0,65.0,0.536,0.34,1
Supplier_E,Central,Clear,Air,Pharma,1010.0,0.705,6.2,20.0,521.0,0.164,0.549,0
Supplier_D,East,Rain,Sea,Food,603.0,0.903,6.1,591.0,374.0,0.616,0.378,0
Supplier_B,West,Heatwave,Road,Electronics,733.0,0.911,7.7,297.0,804.0,0.548,0.728,0
Supplier_A,North,Clear,Air,Textile,462.0,0.673,7.4,622.0,712.0,0.202,0.726,0
Supplier_D,North,Clear,Air,Textile,417.0,0.675,5.6,448.0,150.0,0.535,,0
Supplier_B,West,Rain,Road,Pharma,571.0,0.787,2.4,319.0,797.0,0.513,0.817,0
Supplier_D,Central,Clear,Road,Food,379.0,0.763,4.7,118.0,707.0,0.52,0.667,0
Supplier_C,Central,Clear,Rail,Textile,738.0,0.989,4.1,811.0,429.0,0.665,0.806,0
Supplier_C,South,Clear,Air,Pharma,132.0,0.885,5.1,565.0,483.0,0.348,0.491,0
Supplier_A,North,Clear,Rail,Pharma,781.0,0.769,8.1,575.0,806.0,0.416,0.709,0
Supplier_D,Central,Rain,Road,Pharma,560.0,0.871,7.2,747.0,66.0,0.01,0.331,0
Supplier_A,West,Rain,Sea,Automotive,494.0,0.473,8.5,460.0,598.0,0.573,0.309,1
Supplier_C,South,Clear,Road,Pharma,123.0,0.688,4.8,663.0,741.0,0.554,0.98,0
Supplier_E,West,Clear,Sea,Electronics,295.0,0.823,10.5,334.0,480.0,0.621,0.261,0
Supplier_E,Central,Clear,Sea,Electronics,862.0,0.947,8.0,553.0,643.0,0.163,0.404,0
Supplier_E,South,Clear,Sea,Textile,496.0,,6.3,307.0,523.0,0.542,0.082,0
Supplier_E,West,Storm,Air,Textile,622.0,0.999,,329.0,328.0,0.554,0.314,0
Supplier_C,West,Clear,Road,Textile,321.0,0.91,4.0,437.0,322.0,0.22,0.281,0
Supplier_B,East,Rain,Rail,Pharma,542.0,0.707,1.0,192.0,657.0,0.561,0.353,0
Supplier_E,West,Heatwave,Air,Food,193.0,0.759,4.2,479.0,360.0,0.443,0.566,0
Supplier_E,South,Rain,Air,Food,576.0,0.841,8.2,364.0,165.0,0.01,0.619,0
Supplier_E,Central,Rain,Road,Food,646.0,0.713,6.2,62.0,527.0,0.467,0.279,0
Supplier_D,Central,Clear,Road,Electronics,633.0,1.0,5.6,338.0,387.0,0.197,,0
Supplier_A,Central,Clear,Road,Food,315.0,0.614,3.5,358.0,236.0,0.015,0.738,0
Supplier_C,West,Clear,Rail,Electronics,461.0,0.827,1.0,574.0,516.0,0.423,0.875,0
Supplier_C,North,Storm,Rail,Pharma,690.0,0.89,10.3,471.0,669.0,0.337,0.776,1
Supplier_E,South,Flood,Sea,Pharma,495.0,0.733,5.4,681.0,504.0,0.631,0.138,1
Supplier_B,East,Clear,Air,Automotive,475.0,0.699,4.7,514.0,265.0,0.386,0.762,0
Supplier_B,Central,Clear,Air,Textile,1045.0,0.769,4.0,320.0,606.0,0.506,0.908,0
Supplier_A,East,Clear,Road,Automotive,303.0,0.902,9.8,409.0,728.0,0.452,0.127,0
Supplier_E,East,Rain,Rail,Food,831.0,0.705,8.6,357.0,987.0,0.554,0.738,1
Supplier_D,North,Rain,Road,Food,250.0,0.62,3.1,508.0,817.0,0.173,0.55,0
Supplier_A,West,Rain,Road,Food,720.0,0.953,9.5,431.0,279.0,0.39,0.428,0
Supplier_C,South,Heatwave,Road,Electronics,734.0,0.84,5.6,307.0,689.0,0.322,0.523,0
Supplier_C,North,Clear,Road,Textile,417.0,0.931,4.2,422.0,556.0,0.481,0.598,0
Supplier_C,Central,Rain,Road,Textile,233.0,0.894,5.1,503.0,247.0,0.401,0.755,0
Supplier_E,North,Rain,Rail,Pharma,50.0,1.0,3.7,239.0,562.0,0.227,0.743,0
Supplier_A,North,Clear,Road,Electronics,390.0,0.947,2.0,477.0,922.0,0.282,0.168,0
Supplier_B,North,Heatwave,Road,Electronics,687.0,0.671,8.3,136.0,763.0,0.68,0.357,0
Supplier_A,East,Clear,Road,Automotive,270.0,0.851,5.3,619.0,277.0,0.011,0.521,0
Supplier_B,North,Storm,Rail,Electronics,575.0,0.696,7.9,515.0,503.0,0.492,0.846,1
Supplier_E,Central,Storm,Rail,Electronics,166.0,0.712,6.9,713.0,608.0,0.598,0.01,0
Supplier_E,East,Heatwave,Road,Automotive,489.0,0.568,7.6,219.0,119.0,0.466,0.366,1
Supplier_A,South,Rain,Road,Electronics,252.0,0.737,1.0,624.0,127.0,0.744,0.164,0
Supplier_D,North,Clear,Sea,Electronics,530.0,0.862,3.4,588.0,534.0,0.538,0.199,0
Supplier_B,East,Flood,Rail,Electronics,420.0,0.77,7.7,387.0,537.0,0.427,0.717,1
Supplier_A,North,Storm,Air,Automotive,241.0,0.615,2.2,352.0,95.0,0.257,0.383,0
Supplier_B,Central,Rain,Rail,Pharma,379.0,0.552,7.1,225.0,585.0,0.431,0.01,0
Supplier_A,South,Storm,Sea,Pharma,307.0,1.0,1.8,178.0,739.0,0.486,0.465,0
Supplier_C,East,Clear,Sea,Automotive,208.0,0.829,6.0,285.0,452.0,0.351,0.948,0
Supplier_E,North,Rain,Road,Electronics,832.0,0.656,10.8,194.0,513.0,0.201,0.103,0
Supplier_C,North,Flood,Air,Food,456.0,0.849,8.3,707.0,626.0,0.109,0.617,1
Supplier_D,South,Clear,Road,Food,50.0,1.0,1.0,150.0,597.0,0.387,0.845,0
Supplier_C,North,Rain,Air,Automotive,388.0,0.873,8.5,447.0,133.0,0.054,0.489,0
Supplier_A,West,Heatwave,Road,Automotive,788.0,0.362,11.5,498.0,301.0,0.256,0.924,1
Supplier_A,Central,Storm,Road,Automotive,352.0,1.0,14.4,484.0,413.0,0.01,0.355,1
Supplier_B,Central,Flood,Sea,Pharma,939.0,0.503,7.4,500.0,311.0,0.517,0.818,1
Supplier_B,South,Clear,Sea,Electronics,327.0,0.749,1.9,590.0,823.0,0.581,0.766,0
Supplier_E,West,Heatwave,Road,Food,681.0,0.61,7.3,340.0,640.0,0.366,0.493,1
Supplier_E,East,Clear,Sea,Electronics,820.0,0.669,10.8,436.0,256.0,0.716,0.173,1
Supplier_E,North,Rain,Road,Food,667.0,0.823,5.4,367.0,453.0,0.619,0.28,0
Supplier_D,North,Clear,Rail,Automotive,193.0,0.469,9.1,654.0,749.0,0.446,0.01,0
Supplier_C,East,Storm,Sea,Textile,305.0,0.766,3.5,798.0,358.0,0.327,0.631,1
Supplier_D,East,Heatwave,Road,Automotive,854.0,0.952,7.1,205.0,687.0,0.28,0.604,0
Supplier_C,North,Storm,Rail,Textile,341.0,0.654,1.0,54.0,804.0,0.462,0.517,1
Supplier_D,Central,Rain,Air,Food,804.0,0.571,3.1,522.0,768.0,0.322,0.473,0
Supplier_D,West,Clear,Road,Food,438.0,0.759,6.0,613.0,540.0,0.46,0.799,0
Supplier_D,East,Rain,Road,Pharma,587.0,0.729,4.9,772.0,775.0,0.474,0.566,1
Supplier_D,Central,Rain,Road,Automotive,190.0,0.691,2.1,553.0,385.0,0.304,0.378,0
Supplier_A,Central,Clear,Air,Textile,392.0,0.602,4.5,671.0,1047.0,0.569,0.532,0
Supplier_D,Central,Rain,Road,Pharma,322.0,0.858,7.0,719.0,553.0,0.304,0.95,0
Supplier_B,South,Flood,Road,Electronics,609.0,0.869,5.7,684.0,752.0,0.354,0.637,1
Supplier_D,Central,Storm,Air,Electronics,574.0,0.62,6.2,579.0,420.0,0.154,0.414,1
Supplier_C,East,Storm,Road,Automotive,670.0,0.641,8.2,189.0,610.0,0.296,0.49,1
Supplier_E,West,Clear,Road,Automotive,422.0,0.8,5.0,418.0,620.0,0.782,0.602,0
Supplier_B,Central,Rain,Air,Electronics,308.0,0.635,10.1,474.0,296.0,0.17,0.407,0
Supplier_E,North,Clear,Air,Electronics,598.0,0.807,3.0,402.0,289.0,0.438,0.388,0
Supplier_E,East,Clear,Road,Automotive,282.0,1.0,11.8,413.0,455.0,0.259,0.498,0
Supplier_B,North,Clear,Sea,Pharma,830.0,0.771,9.3,702.0,743.0,0.01,0.834,0
Supplier_C,South,Clear,Air,Food,520.0,0.598,4.9,284.0,97.0,0.462,0.674,0
Supplier_C,East,Clear,Road,Pharma,465.0,0.839,5.1,564.0,420.0,0.239,0.41,0
Supplier_D,Central,Rain,Air,Automotive,670.0,0.753,6.6,477.0,788.0,0.414,0.691,0
Supplier_D,Central,Clear,Air,Automotive,530.0,0.757,7.8,266.0,229.0,0.548,0.502,0
Supplier_E,South,Clear,Rail,Electronics,119.0,0.851,9.3,226.0,776.0,0.397,0.576,0
Supplier_B,South,Clear,Rail,Electronics,274.0,0.884,2.0,114.0,252.0,0.416,0.556,0
Supplier_C,East,Rain,Air,Food,825.0,0.785,7.3,507.0,298.0,0.176,0.036,0
Supplier_C,Central,Clear,Sea,Automotive,572.0,0.771,,409.0,468.0,0.491,0.01,0
Supplier_E,Central,Clear,Rail,Electronics,113.0,1.0,5.5,271.0,912.0,0.312,0.55,0
Supplier_B,South,Rain,Sea,Electronics,642.0,0.96,10.4,82.0,359.0,0.01,0.312,0
Supplier_C,North,Clear,Air,Automotive,405.0,0.905,1.7,498.0,119.0,0.515,0.139,0
Supplier_A,West,Heatwave,Sea,Food,323.0,0.8,1.2,389.0,192.0,0.577,0.319,0
Supplier_E,South,Clear,Sea,Electronics,252.0,0.629,6.7,292.0,705.0,0.646,0.703,1
Supplier_B,North,Clear,Road,Automotive,810.0,0.949,10.2,246.0,202.0,0.784,0.579,0
Supplier_B,North,Clear,Road,Electronics,50.0,0.802,7.0,377.0,761.0,0.505,0.67,0
Supplier_C,East,Rain,Rail,Pharma,332.0,0.693,1.0,505.0,515.0,0.453,0.6,0
Supplier_C,South,Clear,Road,Automotive,581.0,0.744,1.0,361.0,493.0,0.568,0.298,0
Supplier_E,East,Flood,Rail,Pharma,960.0,0.635,6.3,206.0,565.0,0.173,0.671,1
Supplier_C,South,Clear,Air,Electronics,694.0,0.939,2.5,410.0,324.0,0.016,0.629,0
Supplier_C,West,Rain,Sea,Textile,330.0,0.882,6.4,608.0,530.0,0.255,0.474,0
Supplier_A,West,Clear,Road,Pharma,948.0,0.807,6.6,427.0,238.0,0.605,0.513,0
Supplier_A,East,Clear,Air,Food,198.0,0.774,4.5,432.0,797.0,0.218,0.674,0
Supplier_B,North,Clear,Road,Textile,619.0,0.678,11.4,361.0,274.0,0.443,0.335,0
Supplier_E,East,Rain,Rail,Textile,677.0,0.46,7.8,260.0,597.0,0.465,0.739,0
Supplier_E,West,Clear,Road,Textile,321.0,0.568,9.6,254.0,272.0,0.399,0.624,0
Supplier_D,South,Heatwave,Rail,Pharma,731.0,0.669,8.8,121.0,383.0,0.094,0.5,1
Supplier_D,South,Storm,Rail,Textile,416.0,0.646,5.5,633.0,418.0,0.419,0.837,1
Supplier_B,East,Heatwave,Air,Electronics,731.0,0.823,5.4,503.0,1156.0,0.266,0.215,0
Supplier_A,South,Clear,Rail,Pharma,72.0,0.902,5.1,435.0,497.0,0.691,0.399,0
Supplier_A,East,Storm,Road,Electronics,637.0,0.761,8.0,473.0,319.0,0.577,0.35,1
Supplier_B,South,Rain,Road,Food,443.0,0.991,4.0,481.0,402.0,0.273,0.579,0
Supplier_B,South,Rain,Road,Textile,849.0,0.663,11.2,288.0,169.0,0.703,0.76,1
Supplier_A,West,Heatwave,Sea,Automotive,539.0,0.76,3.8,361.0,464.0,0.419,0.284,1
Supplier_B,East,Rain,Sea,Textile,875.0,0.772,6.6,335.0,907.0,0.016,1.0,0
Supplier_A,East,Flood,Road,Electronics,682.0,0.944,5.3,872.0,574.0,0.334,0.354,1
Supplier_D,West,Storm,Road,Automotive,517.0,0.796,4.6,604.0,699.0,0.677,0.579,1
Supplier_E,South,Clear,Road,Automotive,755.0,0.8,12.5,450.0,300.0,0.186,0.501,0
Supplier_D,North,Rain,Air,Food,756.0,0.532,4.7,666.0,455.0,0.336,0.51,0
Supplier_C,Central,Rain,Road,Electronics,673.0,0.645,5.1,643.0,545.0,0.078,0.326,0
Supplier_C,North,Heatwave,Road,Electronics,50.0,0.944,4.0,172.0,340.0,0.11,0.735,0
Supplier_B,East,Storm,Road,Textile,295.0,0.469,6.1,380.0,588.0,0.183,0.312,1
Supplier_A,South,Clear,Road,Pharma,910.0,0.981,5.7,417.0,635.0,0.105,0.111,0
Supplier_C,South,Clear,Road,Automotive,223.0,0.855,2.6,530.0,619.0,0.226,0.253,0
Supplier_C,North,Clear,Road,Textile,779.0,0.668,4.7,380.0,467.0,0.698,0.818,1
Supplier_A,Central,Rain,Air,Food,734.0,0.655,7.8,402.0,740.0,0.343,0.775,0
Supplier_C,East,Clear,Rail,Pharma,361.0,1.0,9.1,337.0,443.0,0.507,0.058,0
Supplier_B,South,Storm,Road,Food,50.0,0.992,6.1,609.0,423.0,0.568,0.679,1
Supplier_A,West,Rain,Rail,Pharma,402.0,0.762,6.2,160.0,817.0,0.128,0.064,0
Supplier_D,North,Flood,Rail,Electronics,1090.0,0.8,4.9,343.0,256.0,0.184,0.494,1
Supplier_C,East,Clear,Air,Textile,326.0,0.683,4.5,88.0,125.0,0.503,0.234,0
Supplier_D,East,Rain,Sea,Pharma,343.0,0.8,3.2,235.0,309.0,0.223,0.696,0
Supplier_D,East,Clear,Road,Automotive,291.0,0.679,1.3,477.0,585.0,0.49,0.622,0
Supplier_E,North,Flood,Sea,Automotive,866.0,0.768,3.9,481.0,782.0,0.685,0.716,1
Supplier_E,Central,Clear,Air,Food,487.0,1.0,8.7,364.0,355.0,0.059,0.435,0
Supplier_D,South,Clear,Air,Food,387.0,0.766,4.7,622.0,899.0,0.279,0.458,0
Supplier_E,West,Clear,Road,Electronics,918.0,0.623,5.0,664.0,506.0,0.31,0.17,0
Supplier_C,West,Storm,Road,Food,701.0,0.575,4.9,408.0,475.0,0.245,0.273,1
Supplier_E,South,Clear,Road,Automotive,311.0,0.799,9.7,465.0,313.0,0.228,0.709,0
Supplier_D,North,Rain,Sea,Electronics,232.0,0.666,3.2,339.0,929.0,0.252,0.581,1
Supplier_D,South,Storm,Rail,Pharma,851.0,0.817,6.8,533.0,467.0,0.347,0.523,1
Supplier_E,Central,Storm,Road,Automotive,554.0,0.537,5.8,205.0,207.0,0.383,0.778,1
Supplier_C,Central,Clear,Rail,Textile,147.0,0.884,6.2,743.0,1041.0,0.541,0.214,0
Supplier_D,Central,Clear,Road,Pharma,86.0,0.621,6.7,625.0,587.0,0.345,0.658,0
Supplier_B,South,Clear,Road,Textile,260.0,0.787,6.2,204.0,676.0,0.574,0.241,0
Supplier_E,West,Clear,Rail,Electronics,228.0,0.729,8.4,278.0,870.0,0.232,0.825,0
Supplier_D,North,Rain,Rail,Food,50.0,1.0,5.9,496.0,635.0,0.11,0.62,0
Supplier_D,West,Clear,Air,Textile,264.0,0.806,11.2,359.0,714.0,0.289,0.712,0
Supplier_C,East,Clear,Air,Food,311.0,1.0,6.1,518.0,512.0,0.442,0.346,0
Supplier_E,West,Clear,Rail,Food,430.0,0.864,1.0,355.0,661.0,0.522,0.98,0
Supplier_A,West,Rain,Sea,Electronics,990.0,0.994,7.9,694.0,492.0,0.642,0.94,1
Supplier_A,Central,Clear,Road,Food,481.0,0.749,7.2,421.0,496.0,0.408,0.595,0
Supplier_C,East,Rain,Air,Food,506.0,0.832,6.1,856.0,526.0,0.501,0.759,0
Supplier_D,South,Clear,Air,Textile,682.0,,5.2,528.0,413.0,0.624,0.434,0
Supplier_E,East,Heatwave,Road,Pharma,488.0,0.916,1.0,177.0,611.0,0.194,0.221,0
Supplier_C,North,Rain,Road,Pharma,654.0,0.86,1.0,796.0,610.0,0.308,0.675,0
Supplier_D,North,Clear,Road,Automotive,623.0,0.731,10.9,618.0,680.0,0.904,0.298,0
Supplier_C,East,Clear,Road,Textile,582.0,0.756,4.2,488.0,641.0,0.521,0.788,0
Supplier_E,Central,Clear,Rail,Pharma,1269.0,0.951,8.9,536.0,940.0,0.452,0.731,0
Supplier_D,East,Clear,Road,Automotive,787.0,0.982,1.2,206.0,732.0,0.529,0.552,0
Supplier_C,West,Clear,Air,Textile,269.0,0.691,2.9,95.0,454.0,0.083,0.539,0
Supplier_E,North,Flood,Road,Automotive,646.0,0.668,8.0,412.0,600.0,0.221,0.718,1
Supplier_A,East,Rain,Road,Food,344.0,0.644,5.7,668.0,811.0,0.148,0.56,0
Supplier_E,West,Clear,Road,Pharma,666.0,0.904,7.6,491.0,291.0,0.434,0.411,0
Supplier_A,South,Rain,Road,Pharma,192.0,0.641,6.0,728.0,943.0,0.276,0.167,0
Supplier_B,North,Clear,Sea,Electronics,262.0,0.903,5.4,658.0,330.0,0.369,0.711,0
Supplier_E,North,Heatwave,Road,Electronics,639.0,0.862,4.0,424.0,698.0,0.288,0.581,0
Supplier_D,Central,Clear,Road,Food,809.0,0.698,2.4,633.0,501.0,0.025,1.0,0
Supplier_E,West,Storm,Road,Electronics,681.0,1.0,10.2,694.0,489.0,0.527,0.479,0
Supplier_D,South,Storm,Road,Electronics,772.0,0.561,10.7,406.0,213.0,0.01,0.566,1
Supplier_D,South,Clear,Rail,Automotive,647.0,1.0,2.9,382.0,700.0,0.204,0.572,0
Supplier_B,North,Clear,Air,Electronics,595.0,0.828,2.7,445.0,217.0,0.087,0.643,0
Supplier_A,Central,Clear,Road,Electronics,419.0,0.469,5.0,20.0,183.0,0.174,0.287,0
Supplier_A,North,Flood,Rail,Food,761.0,1.0,7.0,470.0,755.0,0.39,0.483,1
Supplier_B,West,Rain,Rail,Textile,816.0,0.926,5.5,550.0,894.0,0.597,0.682,0
Supplier_A,South,Rain,Sea,Automotive,534.0,0.716,7.5,446.0,353.0,0.038,0.427,0
Supplier_C,South,Storm,Rail,Electronics,520.0,0.635,5.9,482.0,721.0,0.239,0.674,1
Supplier_D,South,Flood,Road,Electronics,964.0,0.545,5.7,412.0,675.0,0.01,0.521,1
Supplier_E,Central,Clear,Air,Automotive,545.0,1.0,13.2,61.0,480.0,0.229,0.588,0
Supplier_C,North,Rain,Sea,Automotive,570.0,0.641,4.4,719.0,794.0,0.364,0.753,0
Supplier_E,South,Storm,Rail,Pharma,676.0,,10.9,354.0,464.0,0.503,0.45,1
Supplier_E,South,Clear,Sea,Textile,525.0,0.82,10.3,309.0,614.0,0.01,0.181,0
Supplier_E,South,Flood,Sea,Textile,337.0,0.534,7.5,664.0,224.0,0.46,0.441,1
Supplier_C,North,Clear,Road,Automotive,648.0,0.633,1.0,596.0,234.0,0.155,0.318,0
Supplier_B,Central,Clear,Air,Automotive,540.0,0.929,6.1,469.0,757.0,0.107,0.032,0
Supplier_E,South,Storm,Rail,Automotive,1029.0,0.85,4.5,558.0,621.0,0.363,0.477,1
Supplier_B,East,Clear,Rail,Electronics,755.0,0.722,6.1,212.0,469.0,0.475,0.544,0
Supplier_C,South,Clear,Rail,Automotive,395.0,0.783,2.8,405.0,920.0,0.33,0.725,0
Supplier_A,Central,Clear,Sea,Textile,740.0,0.714,8.3,653.0,917.0,0.131,0.249,0
Supplier_D,South,Rain,Rail,Pharma,630.0,0.771,9.0,298.0,597.0,0.33,0.519,0
Supplier_D,South,Flood,Rail,Electronics,890.0,0.666,9.5,240.0,180.0,0.205,0.748,1
Supplier_A,South,Clear,Road,Pharma,414.0,0.693,4.9,434.0,475.0,0.471,0.374,0
Supplier_B,South,Clear,Road,Pharma,599.0,0.688,,438.0,317.0,0.565,0.618,0
Supplier_C,North,Clear,Sea,Textile,524.0,0.671,7.1,537.0,520.0,0.552,0.851,1
Supplier_C,West,Heatwave,Air,Food,565.0,,11.3,172.0,294.0,0.346,0.09,0
Supplier_E,North,Clear,Road,Automotive,320.0,0.896,6.2,20.0,237.0,0.575,0.56,0
Supplier_B,South,Heatwave,Sea,Textile,700.0,0.64,7.4,586.0,20.0,0.146,0.756,1
Supplier_E,South,Flood,Sea,Automotive,659.0,0.601,5.3,225.0,537.0,0.707,0.423,1
Supplier_C,South,Clear,Rail,Automotive,884.0,0.756,4.5,310.0,20.0,0.145,0.805,0
Supplier_E,West,Storm,Road,Textile,547.0,1.0,8.0,27.0,430.0,0.01,0.64,1
Supplier_B,East,Rain,Rail,Automotive,443.0,0.626,5.7,604.0,653.0,0.623,0.889,0
Supplier_A,Central,Rain,Road,Pharma,755.0,0.756,7.2,483.0,341.0,0.208,0.628,1
Supplier_A,South,Clear,Road,Automotive,344.0,0.793,7.5,476.0,261.0,0.373,0.908,0
Supplier_B,Central,Storm,Rail,Pharma,832.0,0.764,7.0,475.0,485.0,0.144,0.566,1
Supplier_E,North,Storm,Sea,Pharma,832.0,0.711,7.7,49.0,318.0,0.823,0.199,1
Supplier_A,East,Storm,Road,Automotive,877.0,0.953,3.4,243.0,541.0,0.714,0.361,1
Supplier_B,West,Heatwave,Sea,Pharma,648.0,0.848,3.3,339.0,273.0,0.659,0.724,1
Supplier_A,East,Clear,Sea,Electronics,424.0,0.907,5.9,285.0,477.0,0.368,0.72,0
Supplier_E,Central,Storm,Road,Textile,578.0,0.868,5.9,371.0,424.0,0.546,0.432,1
Supplier_D,South,Flood,Road,Food,649.0,0.914,4.4,464.0,497.0,0.339,0.897,1
Supplier_D,North,Clear,Air,Automotive,404.0,1.0,6.7,601.0,860.0,0.574,0.422,0
Supplier_D,West,Clear,Air,Textile,897.0,0.98,8.7,154.0,544.0,0.268,0.602,0
Supplier_D,North,Clear,Road,Automotive,701.0,1.0,9.6,418.0,611.0,0.667,0.596,0
Supplier_D,West,Flood,Air,Automotive,318.0,0.963,10.2,548.0,363.0,0.258,0.207,1
Supplier_A,West,Clear,Rail,Automotive,1040.0,0.68,2.1,254.0,549.0,0.281,0.476,0
Supplier_E,Central,Storm,Air,Pharma,575.0,0.907,2.5,385.0,440.0,0.257,1.0,1
Supplier_D,East,Clear,Air,Textile,266.0,0.887,5.1,504.0,507.0,0.388,0.297,0
Supplier_D,Central,Clear,Road,Automotive,334.0,1.0,6.2,422.0,643.0,0.272,0.638,0
Supplier_B,North,Rain,Road,Electronics,937.0,0.635,5.3,541.0,390.0,0.447,0.246,0
Supplier_E,East,Clear,Road,Electronics,1024.0,0.864,4.3,437.0,412.0,0.254,0.295,0
Supplier_B,North,Flood,Sea,Textile,812.0,0.678,5.1,364.0,393.0,0.508,0.189,1
Supplier_A,West,Clear,Sea,Textile,893.0,0.857,7.4,209.0,389.0,0.654,0.707,0
Supplier_E,West,Heatwave,Air,Textile,866.0,0.748,2.0,464.0,538.0,0.366,0.308,0
Supplier_B,Central,Clear,Road,Electronics,695.0,0.852,13.0,438.0,420.0,0.794,0.779,1
Supplier_A,West,Heatwave,Rail,Textile,636.0,0.568,6.1,241.0,830.0,0.576,0.383,1
Supplier_D,South,Rain,Road,Textile,690.0,0.899,9.2,525.0,1089.0,0.778,0.528,0
Supplier_B,North,Clear,Road,Automotive,741.0,0.811,4.3,648.0,375.0,0.338,0.591,0
Supplier_E,Central,Clear,Road,Food,357.0,0.803,7.7,301.0,565.0,0.018,0.144,0
Supplier_C,East,Clear,Sea,Food,740.0,1.0,6.3,289.0,728.0,0.209,0.545,0
Supplier_A,North,Rain,Road,Food,929.0,0.723,8.6,282.0,442.0,0.229,0.577,0
Supplier_E,Central,Storm,Rail,Electronics,496.0,0.831,5.4,118.0,281.0,0.159,0.751,0
Supplier_C,Central,Clear,Sea,Food,469.0,0.795,10.7,781.0,882.0,0.01,0.289,0
Supplier_B,East,Clear,Air,Pharma,674.0,0.81,1.5,339.0,651.0,0.555,0.32,0
Supplier_D,West,Rain,Road,Pharma,381.0,1.0,8.8,265.0,570.0,0.01,0.645,0
Supplier_C,North,Rain,Sea,Electronics,208.0,0.79,6.4,217.0,819.0,0.536,0.811,0
Supplier_A,North,Rain,Rail,Food,848.0,0.695,2.9,350.0,669.0,0.787,0.37,0
Supplier_D,South,Clear,Rail,Electronics,433.0,1.0,11.9,295.0,489.0,0.194,0.228,0
Supplier_C,West,Storm,Air,Textile,555.0,,11.5,679.0,285.0,0.428,0.43,1
Supplier_D,North,Heatwave,Sea,Textile,391.0,0.539,1.0,195.0,391.0,0.27,0.277,1
Supplier_E,North,Clear,Rail,Textile,882.0,0.669,6.5,143.0,765.0,0.515,0.588,0
Supplier_D,West,Clear,Rail,Pharma,772.0,0.593,8.1,519.0,650.0,0.111,0.262,0
Supplier_D,West,Clear,Rail,Electronics,487.0,0.51,7.3,401.0,459.0,0.324,0.714,0
Supplier_B,West,Rain,Road,Food,243.0,,10.5,380.0,889.0,0.574,0.547,1
Supplier_B,West,Clear,Air,Automotive,460.0,0.769,9.9,521.0,465.0,0.34,0.721,0
Supplier_C,Central,Heatwave,Road,Electronics,698.0,0.957,6.8,445.0,717.0,0.024,0.01,0
Supplier_E,West,Rain,Road,Textile,599.0,0.874,,412.0,548.0,0.598,0.113,0
Supplier_C,East,Rain,Road,Food,578.0,0.868,8.8,167.0,925.0,0.091,0.784,0
Supplier_B,Central,Storm,Road,Textile,605.0,0.646,4.9,120.0,666.0,0.366,0.342,0
Supplier_D,South,Clear,Road,Electronics,747.0,0.913,4.3,294.0,510.0,0.467,0.177,0
Supplier_E,North,Storm,Rail,Food,539.0,0.989,9.7,225.0,461.0,0.374,0.455,1
Supplier_E,West,Clear,Road,Food,667.0,0.839,3.6,468.0,497.0,0.857,0.553,0
Supplier_B,South,Rain,Road,Electronics,293.0,0.843,4.8,96.0,340.0,0.497,0.465,1
Supplier_D,Central,Heatwave,Sea,Automotive,1214.0,0.59,5.3,340.0,199.0,0.31,0.603,1
Supplier_C,East,Storm,Sea,Textile,476.0,0.938,7.1,389.0,568.0,0.471,0.573,1
Supplier_C,Central,Flood,Rail,Food,603.0,1.0,5.4,413.0,383.0,0.392,0.562,1
Supplier_B,North,Clear,Road,Pharma,697.0,0.828,2.0,492.0,382.0,0.359,0.797,0
Supplier_A,West,Flood,Road,Automotive,443.0,,9.5,361.0,480.0,0.399,0.497,1
Supplier_B,East,Rain,Road,Pharma,552.0,0.756,4.8,300.0,511.0,0.263,0.49,1
Supplier_C,East,Rain,Road,Pharma,549.0,0.717,12.1,644.0,502.0,0.393,0.677,1
Supplier_E,South,Clear,Sea,Automotive,312.0,0.726,6.9,362.0,882.0,0.249,0.622,0
Supplier_E,Central,Clear,Air,Food,664.0,0.877,9.8,675.0,646.0,0.01,0.301,0
Supplier_A,South,Rain,Road,Pharma,121.0,0.822,7.9,361.0,964.0,0.578,0.48,0
Supplier_D,Central,Clear,Sea,Food,1006.0,0.931,9.9,417.0,403.0,0.237,0.596,0
Supplier_A,East,Storm,Road,Textile,756.0,0.836,7.7,395.0,672.0,0.378,0.371,1
Supplier_D,North,Flood,Road,Food,716.0,0.65,6.7,462.0,416.0,0.198,0.381,1
Supplier_B,Central,Heatwave,Road,Electronics,98.0,0.705,9.3,344.0,377.0,0.204,0.194,1
Supplier_C,North,Clear,Road,Textile,344.0,0.696,13.5,437.0,972.0,0.142,0.01,0
Supplier_D,South,Heatwave,Sea,Automotive,911.0,0.752,5.2,696.0,331.0,0.54,0.418,1
Supplier_C,Central,Clear,Road,Pharma,1629.0,1.0,8.4,609.0,20.0,0.588,0.528,0
Supplier_E,Central,Clear,Air,Textile,861.0,1.0,6.0,610.0,344.0,0.355,0.259,0
Supplier_C,Central,Flood,Road,Textile,820.0,0.905,7.5,178.0,58.0,0.243,0.803,1
Supplier_E,East,Clear,Sea,Textile,686.0,,6.1,208.0,291.0,0.011,0.27,0
Supplier_D,West,Clear,Rail,Pharma,330.0,0.576,1.0,459.0,311.0,0.509,0.701,0
Supplier_B,South,Clear,Rail,Textile,809.0,0.813,5.4,559.0,508.0,0.215,0.592,0
Supplier_D,West,Rain,Road,Textile,264.0,0.661,9.0,327.0,49.0,0.127,0.979,1
Supplier_C,East,Storm,Sea,Textile,235.0,1.0,3.7,294.0,763.0,0.356,0.619,1
Supplier_C,North,Clear,Rail,Food,219.0,0.539,8.8,671.0,87.0,0.283,0.182,0
Supplier_A,East,Clear,Road,Pharma,804.0,0.838,6.6,543.0,472.0,0.046,0.732,0
Supplier_A,East,Rain,Sea,Pharma,535.0,0.649,5.4,610.0,429.0,0.074,0.873,1
Supplier_C,South,Clear,Road,Textile,576.0,0.779,8.7,341.0,682.0,0.417,0.11,0
Supplier_A,South,Storm,Road,Food,546.0,0.88,8.0,326.0,577.0,0.219,0.641,1
Supplier_E,East,Heatwave,Rail,Textile,257.0,0.933,7.3,591.0,761.0,0.452,0.689,0
Supplier_E,North,Storm,Road,Food,376.0,0.771,9.0,373.0,420.0,0.379,0.453,1
Supplier_D,North,Flood,Rail,Food,389.0,0.894,6.6,310.0,398.0,0.56,0.01,1
Supplier_D,West,Rain,Road,Electronics,185.0,0.681,1.1,256.0,591.0,0.184,0.435,0
Supplier_C,South,Flood,Road,Food,419.0,0.817,4.9,328.0,726.0,0.397,0.372,1
Supplier_A,West,Clear,Road,Food,269.0,0.93,1.0,578.0,682.0,0.478,0.837,0
Supplier_B,East,Clear,Road,Electronics,700.0,0.83,8.0,148.0,571.0,0.225,0.481,0
Supplier_C,East,Rain,Sea,Electronics,722.0,0.701,8.7,533.0,551.0,0.575,0.409,1
Supplier_E,East,Clear,Rail,Food,214.0,0.738,8.8,293.0,492.0,0.017,0.371,0
Supplier_B,East,Flood,Rail,Pharma,473.0,0.932,7.5,382.0,590.0,0.183,0.572,1
Supplier_C,Central,Rain,Road,Automotive,1033.0,0.616,8.9,394.0,948.0,0.01,0.513,1
Supplier_B,Central,Heatwave,Air,Food,295.0,0.638,1.3,380.0,447.0,0.203,0.326,0
Supplier_A,South,Clear,Road,Food,661.0,0.87,5.7,368.0,420.0,0.319,0.558,0
Supplier_A,West,Rain,Road,Electronics,577.0,0.714,1.8,340.0,403.0,0.516,0.377,1
Supplier_B,Central,Storm,Air,Food,834.0,0.562,4.9,317.0,586.0,0.319,0.01,1
Supplier_A,North,Clear,Rail,Food,627.0,0.983,10.8,658.0,33.0,0.231,0.647,0
Supplier_A,West,Rain,Air,Food,438.0,0.615,9.3,425.0,470.0,0.04,0.626,0
Supplier_B,East,Rain,Sea,Pharma,567.0,0.75,8.0,397.0,694.0,0.107,0.544,0
Supplier_B,Central,Heatwave,Sea,Electronics,571.0,0.687,5.5,304.0,384.0,0.412,0.403,1
Supplier_C,East,Storm,Road,Textile,526.0,0.735,3.0,347.0,541.0,0.526,0.484,1
Supplier_A,Central,Clear,Road,Textile,207.0,0.647,6.6,305.0,964.0,0.266,0.68,0
Supplier_B,North,Clear,Road,Textile,873.0,0.887,9.3,558.0,573.0,0.592,0.361,0
Supplier_C,North,Rain,Air,Pharma,827.0,0.797,7.2,284.0,20.0,0.16,0.689,0
Supplier_E,Central,Clear,Sea,Automotive,279.0,0.928,1.2,20.0,190.0,0.272,,0
Supplier_D,East,Clear,Sea,Electronics,472.0,0.689,6.3,430.0,445.0,0.289,0.537,0
Supplier_E,East,Clear,Road,Textile,491.0,1.0,1.0,370.0,323.0,0.656,0.506,0
Supplier_B,North,Clear,Sea,Electronics,249.0,0.494,8.4,315.0,523.0,0.377,0.721,0
Supplier_C,South,Rain,Rail,Food,65.0,,3.9,584.0,435.0,0.01,0.298,0
Supplier_C,Central,Clear,Sea,Textile,376.0,1.0,2.3,20.0,757.0,0.54,0.322,0
Supplier_E,South,Rain,Rail,Automotive,457.0,0.851,8.5,704.0,260.0,0.719,0.193,0
Supplier_E,East,Clear,Road,Textile,175.0,0.831,7.7,610.0,454.0,0.3,0.375,0
Supplier_E,South,Storm,Road,Food,596.0,0.845,6.7,307.0,548.0,0.171,0.556,1
Supplier_D,South,Clear,Sea,Electronics,852.0,0.866,12.6,339.0,575.0,0.523,0.104,0
Supplier_C,North,Flood,Road,Electronics,769.0,0.825,7.9,511.0,532.0,0.743,0.403,1
Supplier_C,Central,Clear,Road,Electronics,517.0,0.635,4.1,516.0,20.0,0.52,0.634,0
Supplier_E,Central,Rain,Road,Electronics,71.0,0.903,7.6,306.0,518.0,0.025,0.477,0
Supplier_B,North,Clear,Road,Food,736.0,0.879,5.1,129.0,467.0,0.501,0.517,0
Supplier_B,South,Clear,Sea,Electronics,588.0,0.994,9.8,800.0,690.0,0.431,0.169,0
Supplier_E,East,Clear,Road,Electronics,660.0,1.0,6.8,592.0,659.0,0.159,0.478,0
Supplier_B,South,Flood,Road,Food,1053.0,0.83,7.1,448.0,553.0,0.608,0.506,1
Supplier_B,West,Heatwave,Air,Automotive,336.0,0.596,1.7,452.0,569.0,0.438,0.464,0
Supplier_C,South,Clear,Rail,Automotive,50.0,1.0,6.2,532.0,798.0,0.613,0.534,0
Supplier_B,North,Clear,Road,Electronics,276.0,0.627,5.8,553.0,753.0,0.138,0.432,0
Supplier_E,South,Storm,Road,Textile,676.0,0.831,2.9,44.0,561.0,0.43,0.4,0
Supplier_E,East,Rain,Road,Food,557.0,0.741,5.3,357.0,972.0,0.171,0.271,0
Supplier_B,North,Clear,Road,Pharma,234.0,0.715,7.3,338.0,362.0,0.4,0.714,0
Supplier_C,Central,Storm,Road,Pharma,181.0,0.895,6.0,391.0,239.0,0.645,0.23,1
Supplier_E,North,Rain,Road,Textile,458.0,0.817,1.8,559.0,498.0,0.065,0.535,0
Supplier_D,North,Rain,Air,Food,226.0,0.857,5.2,98.0,418.0,0.076,0.899,0
Supplier_B,East,Clear,Sea,Pharma,685.0,0.658,4.6,177.0,20.0,0.541,0.742,0
Supplier_C,East,Clear,Sea,Food,443.0,0.754,6.6,297.0,356.0,0.347,0.612,0
Supplier_D,South,Clear,Road,Electronics,387.0,0.665,6.3,448.0,576.0,0.584,0.555,0
Supplier_D,South,Storm,Road,Electronics,353.0,0.75,4.8,570.0,487.0,0.189,0.472,1
Supplier_A,North,Clear,Sea,Pharma,618.0,0.762,4.6,714.0,329.0,0.36,0.302,0
Supplier_B,West,Storm,Air,Pharma,561.0,1.0,6.2,368.0,509.0,0.488,0.444,1
Supplier_E,South,Storm,Rail,Pharma,603.0,0.741,8.9,569.0,527.0,0.392,0.626,1
Supplier_B,North,Storm,Road,Electronics,597.0,0.461,6.8,548.0,657.0,0.01,0.586,1
Supplier_B,South,Clear,Road,Automotive,531.0,0.989,10.3,518.0,359.0,0.915,0.674,0
Supplier_B,Central,Clear,Rail,Electronics,281.0,0.847,9.4,416.0,692.0,0.392,0.768,0
Supplier_A,South,Clear,Rail,Pharma,360.0,0.76,10.5,348.0,260.0,0.082,0.465,0
Supplier_A,Central,Rain,Road,Textile,447.0,0.714,10.1,228.0,389.0,0.413,0.542,0
Supplier_B,South,Heatwave,Sea,Electronics,1087.0,0.638,10.7,216.0,874.0,0.436,0.082,1
Supplier_E,North,Clear,Rail,Pharma,199.0,1.0,2.5,482.0,275.0,0.549,0.996,0
Supplier_A,South,Flood,Rail,Food,441.0,0.788,7.9,410.0,355.0,0.535,0.409,1
Supplier_B,South,Clear,Road,Pharma,576.0,0.519,9.7,345.0,224.0,0.307,0.643,1
Supplier_A,North,Clear,Air,Pharma,471.0,0.829,10.2,540.0,318.0,0.01,0.409,0
Supplier_C,East,Clear,Air,Electronics,829.0,0.961,3.7,384.0,530.0,0.442,0.404,0
Supplier_B,South,Storm,Road,Food,470.0,0.803,8.0,256.0,655.0,0.022,0.448,1
Supplier_D,West,Clear,Rail,Automotive,489.0,0.645,6.2,372.0,496.0,0.593,0.226,0
Supplier_C,East,Clear,Air,Food,762.0,0.631,11.5,568.0,429.0,0.203,0.01,0
Supplier_D,East,Storm,Sea,Textile,1021.0,0.642,1.8,236.0,227.0,0.477,0.755,1
Supplier_D,East,Rain,Road,Automotive,916.0,1.0,3.7,458.0,340.0,0.219,0.62,0
Supplier_C,North,Clear,Sea,Automotive,514.0,0.769,1.0,410.0,160.0,0.252,0.299,0
Supplier_E,West,Clear,Rail,Food,537.0,0.528,6.4,283.0,662.0,0.19,0.599,0
Supplier_C,North,Rain,Road,Automotive,562.0,0.838,12.8,367.0,677.0,0.493,0.681,1
Supplier_E,West,Clear,Road,Food,588.0,0.801,5.9,137.0,491.0,0.226,0.348,0
Supplier_E,Central,Clear,Road,Textile,330.0,0.713,6.3,440.0,597.0,0.504,0.591,0
Supplier_C,West,Rain,Road,Food,794.0,0.627,7.7,174.0,693.0,0.231,0.721,0
Supplier_D,East,Clear,Rail,Food,604.0,0.62,5.7,613.0,522.0,0.304,0.184,0
Supplier_B,South,Rain,Air,Electronics,538.0,0.943,7.1,403.0,807.0,0.357,0.617,0
Supplier_E,Central,Clear,Road,Textile,220.0,0.817,7.2,317.0,275.0,0.381,0.58,0
Supplier_D,South,Clear,Sea,Food,566.0,0.852,,629.0,423.0,0.165,0.914,0
Supplier_E,East,Clear,Road,Automotive,58.0,0.817,5.7,234.0,397.0,0.491,0.623,0
Supplier_B,West,Clear,Rail,Automotive,399.0,0.829,8.2,285.0,642.0,0.296,0.41,0
Supplier_D,Central,Clear,Sea,Electronics,404.0,0.71,8.8,91.0,184.0,0.459,0.435,0
Supplier_C,Central,Clear,Sea,Automotive,625.0,0.749,9.9,656.0,819.0,0.347,0.945,1
Supplier_A,North,Heatwave,Rail,Food,1039.0,0.955,7.0,757.0,624.0,0.467,0.422,0
Supplier_A,Central,Flood,Air,Pharma,699.0,0.992,7.1,119.0,885.0,0.268,0.629,1
Supplier_C,North,Clear,Road,Pharma,927.0,0.597,8.3,273.0,491.0,0.192,0.448,0
Supplier_B,East,Rain,Road,Automotive,718.0,0.749,4.2,433.0,379.0,0.435,0.738,0
Supplier_A,Central,Rain,Road,Electronics,843.0,0.906,4.1,327.0,645.0,0.251,0.749,0
Supplier_C,West,Flood,Road,Automotive,1033.0,1.0,5.6,414.0,727.0,0.642,0.495,1
Supplier_D,Central,Clear,Road,Textile,360.0,1.0,2.2,399.0,343.0,0.364,0.411,0
Supplier_B,South,Clear,Road,Electronics,343.0,0.661,7.2,493.0,61.0,0.075,0.405,0
Supplier_E,South,Clear,Sea,Electronics,724.0,0.971,9.1,247.0,98.0,0.233,0.12,0
Supplier_D,South,Clear,Sea,Electronics,549.0,0.789,3.9,455.0,558.0,0.15,0.522,0
Supplier_C,South,Clear,Sea,Automotive,607.0,0.937,7.3,219.0,839.0,0.565,0.518,0
Supplier_E,West,Flood,Air,Textile,485.0,0.898,4.1,346.0,214.0,0.505,0.32,1
Supplier_C,East,Heatwave,Road,Textile,395.0,0.59,3.0,107.0,440.0,0.338,0.096,0
Supplier_A,West,Clear,Road,Electronics,971.0,,12.2,347.0,423.0,0.408,0.545,0
Supplier_A,East,Clear,Air,Food,264.0,0.931,3.0,317.0,923.0,0.332,0.573,0
Supplier_E,South,Clear,Rail,Electronics,728.0,0.777,2.2,590.0,997.0,0.522,0.587,0
Supplier_E,North,Rain,Road,Pharma,686.0,,6.6,409.0,593.0,0.454,,0
Supplier_D,East,Rain,Rail,Pharma,139.0,0.544,6.8,442.0,698.0,0.49,0.587,0
Supplier_A,Central,Clear,Rail,Automotive,334.0,0.883,8.0,416.0,691.0,0.312,0.461,0
Supplier_B,Central,Flood,Road,Textile,378.0,0.811,12.0,37.0,218.0,0.224,0.69,1
Supplier_A,South,Heatwave,Road,Textile,697.0,0.642,3.7,61.0,654.0,0.483,0.286,0
Supplier_A,East,Rain,Road,Electronics,455.0,0.731,4.3,363.0,276.0,0.66,0.753,0
Supplier_B,West,Rain,Rail,Pharma,528.0,0.803,10.8,470.0,462.0,0.571,0.832,0
Supplier_C,West,Rain,Sea,Pharma,171.0,0.696,8.8,378.0,751.0,0.666,0.526,1
Supplier_A,North,Clear,Rail,Pharma,1155.0,0.78,8.4,264.0,518.0,0.382,0.589,0
Supplier_E,East,Clear,Air,Pharma,569.0,0.518,4.2,377.0,743.0,0.156,0.672,0
Supplier_C,North,Rain,Sea,Automotive,680.0,0.982,9.4,361.0,786.0,0.174,0.274,0
Supplier_B,North,Clear,Road,Automotive,409.0,0.782,8.4,560.0,113.0,0.626,0.393,0
Supplier_C,West,Flood,Air,Textile,380.0,0.615,6.6,550.0,21.0,0.01,0.541,1
Supplier_D,North,Clear,Rail,Automotive,1047.0,0.411,4.2,320.0,756.0,0.651,0.946,1
Supplier_B,South,Clear,Rail,Pharma,52.0,0.934,6.3,411.0,765.0,0.192,0.237,0
Supplier_A,East,Clear,Road,Electronics,622.0,0.864,10.9,470.0,556.0,0.735,0.86,0
Supplier_A,West,Heatwave,Sea,Pharma,235.0,0.812,2.7,496.0,586.0,0.336,0.457,0
Supplier_E,East,Clear,Sea,Automotive,445.0,0.91,3.6,717.0,696.0,0.495,0.492,0
Supplier_A,North,Clear,Road,Textile,384.0,0.909,4.1,415.0,692.0,0.827,0.768,0
Supplier_D,West,Clear,Road,Pharma,294.0,0.809,4.8,630.0,433.0,0.284,0.945,0
Supplier_B,Central,Rain,Road,Electronics,559.0,0.742,6.0,211.0,710.0,0.281,0.593,0
Supplier_D,Central,Heatwave,Air,Electronics,50.0,0.717,8.9,305.0,424.0,0.211,0.756,0
Supplier_A,West,Clear,Rail,Electronics,468.0,0.843,7.4,36.0,554.0,0.15,0.298,0
Supplier_E,East,Heatwave,Road,Automotive,527.0,0.99,6.2,447.0,544.0,0.284,0.384,0
Supplier_D,Central,Clear,Sea,Food,197.0,0.765,6.8,537.0,311.0,0.239,0.202,0
Supplier_C,East,Rain,Road,Automotive,943.0,1.0,7.9,20.0,337.0,0.1,0.387,0
Supplier_B,North,Clear,Rail,Electronics,395.0,0.836,1.0,454.0,992.0,0.308,0.624,0
Supplier_E,Central,Rain,Road,Food,488.0,0.837,9.2,529.0,304.0,0.44,0.547,0
Supplier_B,South,Rain,Rail,Electronics,396.0,1.0,3.5,519.0,581.0,0.171,0.88,0
Supplier_C,Central,Rain,Rail,Pharma,529.0,1.0,4.7,205.0,628.0,0.318,0.952,0
Supplier_B,South,Clear,Road,Automotive,890.0,1.0,7.0,559.0,488.0,0.631,,0
Supplier_B,Central,Flood,Road,Pharma,1193.0,0.66,5.8,422.0,648.0,0.066,0.35,1
Supplier_C,East,Heatwave,Sea,Automotive,744.0,1.0,7.5,526.0,572.0,0.736,0.755,1
Supplier_A,East,Clear,Rail,Pharma,833.0,0.768,6.4,397.0,309.0,0.215,0.778,0
Supplier_A,South,Rain,Sea,Food,996.0,0.746,5.1,489.0,618.0,0.39,0.597,1
Supplier_B,Central,Storm,Rail,Food,615.0,0.456,10.6,620.0,380.0,0.606,0.655,1
Supplier_A,North,Clear,Air,Pharma,958.0,0.829,8.1,383.0,883.0,0.667,0.621,0
Supplier_C,East,Flood,Road,Electronics,756.0,0.617,6.9,471.0,594.0,0.444,0.282,1
Supplier_E,South,Clear,Air,Food,587.0,0.841,8.1,645.0,346.0,0.211,0.232,0
Supplier_A,East,Storm,Road,Textile,641.0,0.606,3.9,396.0,575.0,0.193,0.489,1
Supplier_A,South,Clear,Road,Automotive,76.0,1.0,12.5,217.0,297.0,0.235,0.456,0
Supplier_A,West,Clear,Road,Automotive,626.0,0.863,2.7,542.0,557.0,0.728,0.561,0
Supplier_C,South,Rain,Road,Textile,149.0,1.0,6.3,678.0,450.0,0.273,0.471,0
Supplier_B,North,Rain,Sea,Electronics,127.0,0.627,5.1,652.0,318.0,0.415,0.125,0
Supplier_C,North,Flood,Sea,Automotive,600.0,1.0,5.0,549.0,315.0,0.141,0.035,1
Supplier_A,West,Heatwave,Air,Pharma,260.0,0.51,4.6,20.0,1036.0,0.119,0.662,0
Supplier_B,South,Clear,Road,Automotive,548.0,0.811,3.7,306.0,520.0,0.355,,0
Supplier_C,South,Clear,Sea,Textile,586.0,0.685,9.6,315.0,405.0,0.285,0.449,0
Supplier_C,West,Clear,Air,Textile,598.0,0.713,2.4,428.0,367.0,0.3,0.377,0
Supplier_C,South,Clear,Road,Food,315.0,0.703,9.0,724.0,604.0,0.054,0.299,0
Supplier_D,South,Rain,Rail,Textile,784.0,0.643,7.9,226.0,360.0,0.335,0.293,1
Supplier_C,South,Flood,Air,Automotive,527.0,0.591,4.9,824.0,259.0,0.66,0.724,1
Supplier_E,South,Storm,Road,Electronics,665.0,0.714,7.6,351.0,493.0,0.179,0.447,1
Supplier_C,West,Clear,Rail,Pharma,239.0,0.797,5.5,282.0,491.0,0.529,0.64,0
Supplier_B,East,Clear,Air,Textile,504.0,0.955,2.7,572.0,408.0,0.01,0.669,0
Supplier_B,Central,Rain,Road,Textile,835.0,0.824,2.7,586.0,304.0,0.19,0.57,0
Supplier_B,West,Clear,Road,Textile,802.0,0.955,8.0,537.0,414.0,0.01,0.676,0
Supplier_C,North,Clear,Rail,Pharma,343.0,0.558,7.8,281.0,397.0,0.597,0.503,0
Supplier_B,South,Clear,Air,Pharma,408.0,,6.7,510.0,366.0,0.526,0.8,0
Supplier_E,South,Clear,Sea,Textile,293.0,0.887,4.8,234.0,561.0,0.143,0.681,0
Supplier_C,East,Clear,Sea,Electronics,379.0,0.831,5.4,276.0,990.0,0.408,0.71,0
Supplier_E,South,Storm,Rail,Textile,186.0,0.651,5.0,403.0,793.0,0.59,0.294,1
Supplier_D,Central,Clear,Rail,Automotive,514.0,0.92,1.0,272.0,927.0,0.621,0.558,0
Supplier_B,South,Rain,Rail,Automotive,715.0,0.7,6.2,609.0,375.0,0.269,0.096,0
Supplier_B,East,Rain,Rail,Food,346.0,0.663,7.6,316.0,868.0,0.01,0.808,0
Supplier_D,North,Flood,Road,Textile,526.0,0.853,6.2,380.0,550.0,0.17,0.363,1
Supplier_B,Central,Clear,Air,Automotive,493.0,0.781,11.3,262.0,717.0,0.503,0.393,0
Supplier_B,Central,Clear,Air,Electronics,824.0,0.702,3.0,607.0,601.0,0.77,0.199,0
Supplier_E,West,Clear,Rail,Food,391.0,0.696,4.0,300.0,424.0,0.339,0.492,0
Supplier_C,South,Clear,Sea,Textile,400.0,0.62,6.4,626.0,658.0,0.229,0.441,0
Supplier_A,North,Clear,Air,Electronics,330.0,0.721,6.7,612.0,607.0,0.83,0.901,0
Supplier_C,West,Storm,Road,Automotive,254.0,0.945,1.0,340.0,111.0,0.431,0.689,1
Supplier_C,East,Clear,Road,Pharma,688.0,0.817,7.8,425.0,473.0,0.104,0.387,0
Supplier_E,Central,Clear,Road,Food,515.0,0.924,6.7,335.0,692.0,0.326,0.133,0
Supplier_D,West,Clear,Road,Textile,564.0,0.857,1.0,518.0,561.0,0.55,0.01,0
Supplier_A,East,Storm,Rail,Food,881.0,0.688,5.6,385.0,603.0,0.336,0.274,1
Supplier_A,Central,Flood,Road,Electronics,896.0,0.533,3.6,345.0,335.0,0.509,0.207,1
Supplier_D,Central,Storm,Road,Electronics,122.0,0.641,4.6,428.0,556.0,0.029,0.577,1
Supplier_A,East,Rain,Road,Automotive,718.0,0.679,2.0,135.0,479.0,0.063,0.468,0
Supplier_B,North,Storm,Air,Textile,609.0,0.668,7.2,406.0,455.0,0.203,0.504,1
Supplier_A,North,Rain,Air,Pharma,430.0,0.927,11.3,537.0,351.0,0.294,0.291,0
Supplier_A,East,Clear,Road,Textile,635.0,0.926,6.8,445.0,701.0,0.417,0.533,0
Supplier_E,East,Rain,Road,Food,101.0,1.0,1.0,591.0,576.0,0.477,0.188,0
Supplier_A,North,Storm,Road,Electronics,930.0,0.665,,352.0,554.0,0.843,0.481,1
Supplier_A,North,Clear,Road,Food,684.0,1.0,5.4,337.0,951.0,0.202,0.683,0
Supplier_E,West,Rain,Road,Textile,325.0,1.0,2.7,219.0,604.0,0.287,0.42,0
Supplier_A,West,Rain,Road,Pharma,398.0,0.745,7.1,347.0,764.0,0.208,0.598,0
Supplier_E,North,Rain,Road,Textile,107.0,0.851,8.6,774.0,560.0,0.566,0.065,0
Supplier_A,East,Clear,Sea,Automotive,468.0,0.966,4.0,470.0,422.0,0.577,0.047,0
Supplier_A,North,Rain,Rail,Pharma,424.0,0.771,1.1,315.0,267.0,0.26,0.572,0
Supplier_A,West,Flood,Sea,Automotive,205.0,0.76,1.0,239.0,553.0,0.763,0.73,1
Supplier_D,Central,Clear,Road,Food,752.0,0.686,4.0,132.0,20.0,0.208,0.448,0
Supplier_D,Central,Clear,Road,Electronics,882.0,0.426,5.5,271.0,560.0,0.556,0.972,1
Supplier_C,East,Clear,Sea,Textile,543.0,0.791,4.5,557.0,569.0,0.641,0.182,0
Supplier_B,West,Clear,Road,Pharma,471.0,0.674,4.0,343.0,452.0,0.078,0.35,0
Supplier_A,Central,Heatwave,Rail,Food,663.0,0.619,7.7,248.0,480.0,0.466,0.531,1
Supplier_C,West,Rain,Sea,Automotive,545.0,,7.4,267.0,225.0,0.01,0.602,0
Supplier_B,East,Clear,Rail,Electronics,269.0,0.562,6.6,537.0,805.0,0.515,0.372,0
Supplier_C,West,Clear,Road,Automotive,380.0,0.901,8.4,405.0,426.0,0.13,0.267,0
Supplier_D,East,Heatwave,Rail,Pharma,473.0,0.853,4.0,307.0,286.0,0.463,0.636,0
Supplier_E,Central,Clear,Road,Food,615.0,0.72,2.7,364.0,620.0,0.501,0.529,0
Supplier_C,East,Storm,Road,Food,552.0,0.771,4.4,817.0,524.0,0.574,0.424,1
Supplier_A,Central,Clear,Road,Automotive,605.0,0.601,4.2,640.0,421.0,0.528,0.61,0
Supplier_B,North,Clear,Sea,Electronics,154.0,0.893,1.0,684.0,398.0,0.361,0.47,0
Supplier_E,North,Rain,Air,Electronics,723.0,0.808,4.4,105.0,499.0,0.274,0.469,0
Supplier_C,North,Clear,Road,Food,551.0,0.819,9.3,393.0,796.0,0.335,0.461,0
Supplier_D,East,Rain,Road,Electronics,1214.0,0.855,8.4,304.0,603.0,0.127,0.319,0
Supplier_C,West,Clear,Air,Pharma,449.0,0.684,7.6,518.0,492.0,0.308,0.297,0
Supplier_A,South,Storm,Sea,Automotive,634.0,0.552,6.4,611.0,688.0,0.292,0.384,1
Supplier_E,North,Storm,Road,Textile,1286.0,0.924,10.3,479.0,506.0,0.192,0.507,1
Supplier_D,Central,Storm,Road,Automotive,600.0,0.883,2.8,263.0,588.0,0.01,0.088,0
Supplier_E,West,Clear,Sea,Pharma,532.0,0.7,3.1,301.0,533.0,0.095,0.708,0
Supplier_E,West,Storm,Sea,Textile,293.0,0.841,9.4,532.0,630.0,0.01,0.504,1
Supplier_B,East,Heatwave,Sea,Food,947.0,0.969,6.1,550.0,402.0,0.288,0.266,0
Supplier_B,East,Clear,Road,Electronics,249.0,0.951,4.0,445.0,249.0,0.422,0.856,0
Supplier_B,North,Clear,Road,Automotive,661.0,0.695,7.7,443.0,700.0,0.01,0.509,0
Supplier_E,North,Storm,Road,Food,427.0,0.557,4.7,429.0,831.0,0.397,0.206,1
Supplier_C,Central,Clear,Road,Pharma,501.0,0.582,3.5,468.0,260.0,0.326,0.846,0
Supplier_C,South,Rain,Sea,Automotive,180.0,0.733,3.4,549.0,539.0,0.115,0.798,0
Supplier_E,West,Storm,Road,Automotive,899.0,0.999,7.0,533.0,401.0,0.264,0.3,1
Supplier_D,West,Clear,Rail,Pharma,478.0,0.671,6.6,424.0,694.0,0.56,0.429,0
Supplier_E,South,Rain,Sea,Electronics,234.0,0.691,10.6,411.0,554.0,0.155,0.399,1
Supplier_E,South,Rain,Sea,Food,876.0,0.687,5.1,404.0,1232.0,0.366,0.084,0
Supplier_A,West,Clear,Air,Electronics,419.0,0.7,5.1,280.0,434.0,0.419,0.571,0
Supplier_B,North,Flood,Sea,Automotive,637.0,0.778,10.3,277.0,838.0,0.186,0.686,1
Supplier_D,East,Clear,Road,Food,769.0,0.588,9.0,518.0,860.0,0.552,0.645,0
Supplier_E,Central,Clear,Road,Pharma,673.0,0.943,6.4,292.0,617.0,0.431,0.507,0
Supplier_A,West,Flood,Road,Food,50.0,0.758,1.3,567.0,508.0,0.3,0.707,1
Supplier_B,West,Clear,Sea,Pharma,731.0,1.0,3.6,411.0,521.0,0.823,0.25,0
Supplier_C,North,Flood,Sea,Pharma,524.0,0.604,2.8,568.0,502.0,0.553,0.9,1
Supplier_D,North,Clear,Road,Pharma,464.0,1.0,6.1,535.0,749.0,0.013,0.33,0
Supplier_A,South,Rain,Road,Automotive,522.0,0.989,4.5,572.0,308.0,0.272,0.355,0
Supplier_D,South,Clear,Road,Textile,131.0,0.718,10.8,334.0,465.0,0.843,0.373,0
Supplier_B,North,Rain,Road,Automotive,600.0,0.721,1.3,494.0,438.0,0.154,0.357,0
Supplier_B,Central,Storm,Sea,Pharma,195.0,0.642,2.5,553.0,120.0,0.363,0.458,1
Supplier_C,North,Flood,Road,Textile,476.0,0.644,,141.0,689.0,0.596,0.449,1
Supplier_C,West,Heatwave,Air,Electronics,591.0,0.78,7.6,726.0,734.0,0.48,0.529,0
Supplier_D,East,Rain,Rail,Pharma,829.0,0.783,1.0,828.0,360.0,0.509,0.32,1
Supplier_B,West,Storm,Road,Electronics,337.0,0.54,1.0,591.0,727.0,0.498,,1
Supplier_E,South,Rain,Road,Textile,927.0,1.0,5.2,565.0,152.0,0.355,0.26,0
Supplier_A,South,Heatwave,Sea,Electronics,796.0,0.741,10.1,526.0,505.0,0.192,0.661,1
Supplier_E,West,Rain,Rail,Food,438.0,0.79,11.7,362.0,472.0,0.437,0.658,0
Supplier_A,South,Flood,Road,Electronics,262.0,0.686,4.8,400.0,519.0,0.269,0.499,1
Supplier_D,West,Clear,Road,Pharma,175.0,0.74,5.5,594.0,518.0,0.254,0.357,0
Supplier_B,North,Rain,Sea,Automotive,621.0,0.726,3.5,245.0,483.0,0.646,0.568,1
Supplier_B,North,Storm,Sea,Textile,358.0,0.78,7.9,229.0,415.0,0.274,0.305,1
Supplier_A,West,Clear,Sea,Electronics,862.0,0.778,10.6,348.0,476.0,0.691,0.508,0
Supplier_D,West,Clear,Rail,Electronics,373.0,0.901,9.8,538.0,800.0,0.401,0.467,0
Supplier_A,North,Heatwave,Sea,Pharma,316.0,0.814,5.9,264.0,373.0,0.318,1.0,1
Supplier_D,Central,Clear,Road,Textile,611.0,0.886,3.5,379.0,996.0,0.01,0.23,0
Supplier_D,North,Clear,Air,Electronics,372.0,0.779,6.0,401.0,360.0,0.774,0.01,0
Supplier_E,Central,Clear,Road,Electronics,552.0,0.815,10.1,238.0,553.0,0.349,0.36,0
Supplier_D,West,Clear,Rail,Food,806.0,0.744,4.8,20.0,626.0,0.01,0.123,0
Supplier_B,Central,Rain,Sea,Pharma,580.0,0.93,1.0,235.0,436.0,0.548,0.34,0
Supplier_D,Central,Heatwave,Sea,Electronics,581.0,0.828,4.9,467.0,804.0,0.34,0.215,0
Supplier_E,South,Heatwave,Rail,Food,603.0,0.756,5.2,508.0,620.0,0.164,0.301,0
Supplier_B,West,Rain,Rail,Automotive,110.0,0.752,1.0,509.0,455.0,0.536,0.266,0
Supplier_A,South,Rain,Sea,Electronics,652.0,0.764,6.7,530.0,802.0,0.01,0.712,0
Supplier_E,East,Clear,Sea,Automotive,592.0,0.785,7.5,307.0,277.0,0.207,0.489,0
Supplier_A,South,Flood,Air,Electronics,782.0,0.772,11.6,269.0,376.0,0.29,0.737,1
Supplier_C,East,Clear,Road,Automotive,708.0,0.696,2.0,488.0,624.0,0.52,0.509,0
Supplier_B,Central,Clear,Road,Pharma,497.0,0.895,8.2,382.0,676.0,0.798,0.704,0
Supplier_A,East,Heatwave,Sea,Pharma,818.0,0.904,8.9,583.0,571.0,0.301,0.434,1
Supplier_D,North,Flood,Air,Electronics,474.0,1.0,7.6,489.0,472.0,0.442,0.851,1
Supplier_A,South,Clear,Air,Textile,614.0,0.689,3.0,651.0,445.0,0.9,0.604,0
Supplier_D,West,Rain,Air,Food,469.0,0.88,2.8,336.0,749.0,0.351,0.328,0
Supplier_D,East,Clear,Road,Automotive,670.0,0.494,6.3,612.0,553.0,0.444,0.636,0
Supplier_A,East,Clear,Road,Pharma,452.0,0.904,6.3,786.0,308.0,0.103,0.506,0
Supplier_A,East,Clear,Sea,Electronics,978.0,0.562,4.3,430.0,295.0,0.742,0.455,1
Supplier_D,South,Clear,Road,Electronics,1075.0,0.632,9.9,510.0,833.0,0.207,0.521,0
Supplier_C,East,Rain,Air,Food,777.0,0.83,,253.0,342.0,0.404,0.665,0
Supplier_A,West,Clear,Air,Pharma,951.0,0.687,1.0,581.0,560.0,0.398,0.034,0
Supplier_E,Central,Rain,Sea,Automotive,150.0,0.666,5.3,623.0,797.0,0.367,0.423,0
Supplier_B,West,Clear,Road,Automotive,180.0,0.707,7.4,331.0,619.0,0.263,0.65,0
Supplier_A,Central,Heatwave,Air,Pharma,466.0,0.889,7.0,526.0,333.0,0.398,0.555,0
Supplier_E,Central,Rain,Road,Food,561.0,0.64,7.0,470.0,277.0,0.701,0.252,1
Supplier_A,North,Flood,Road,Pharma,498.0,0.772,10.5,490.0,911.0,0.806,0.01,1
Supplier_C,South,Clear,Road,Automotive,123.0,0.723,2.7,566.0,271.0,0.315,0.874,0
Supplier_E,South,Rain,Road,Automotive,849.0,0.903,4.7,513.0,378.0,0.26,0.459,0
Supplier_C,North,Flood,Sea,Automotive,1110.0,0.907,10.6,395.0,582.0,0.188,0.833,1
Supplier_C,North,Clear,Sea,Electronics,883.0,0.505,1.0,570.0,452.0,0.887,0.675,0
Supplier_B,West,Clear,Road,Pharma,832.0,0.937,5.8,620.0,626.0,0.376,0.325,0
Supplier_A,South,Clear,Sea,Textile,609.0,0.688,9.7,320.0,177.0,0.573,0.01,0
Supplier_C,North,Clear,Rail,Pharma,331.0,0.815,9.6,420.0,454.0,0.489,0.398,0
Supplier_E,South,Clear,Air,Electronics,569.0,0.639,8.0,102.0,649.0,0.792,0.492,0
Supplier_A,South,Clear,Sea,Electronics,1097.0,0.836,8.1,525.0,650.0,0.3,0.599,0
Supplier_E,North,Clear,Rail,Electronics,458.0,1.0,2.9,640.0,374.0,0.129,0.256,0
Supplier_C,North,Rain,Road,Automotive,432.0,0.799,10.1,374.0,275.0,0.722,0.539,0
Supplier_C,West,Clear,Road,Electronics,838.0,0.711,2.4,444.0,547.0,0.531,0.539,0
Supplier_A,Central,Clear,Rail,Food,855.0,0.745,2.6,380.0,211.0,0.441,0.717,0
Supplier_D,East,Rain,Sea,Pharma,330.0,0.56,,351.0,783.0,0.657,0.433,1
Supplier_A,West,Clear,Rail,Electronics,482.0,0.997,4.5,462.0,535.0,0.453,0.597,0
Supplier_B,Central,Clear,Road,Textile,420.0,0.827,6.6,279.0,347.0,0.664,0.563,0
Supplier_D,Central,Clear,Road,Automotive,568.0,0.623,7.3,378.0,268.0,0.399,0.693,0
Supplier_A,North,Clear,Sea,Textile,837.0,0.628,11.3,257.0,361.0,0.53,0.32,0
Supplier_C,Central,Clear,Road,Textile,341.0,0.782,7.3,526.0,156.0,0.455,0.01,0
Supplier_C,North,Clear,Air,Textile,833.0,0.92,4.1,463.0,609.0,0.285,0.448,0
Supplier_A,North,Clear,Air,Automotive,576.0,0.607,8.0,342.0,323.0,0.309,0.449,0
Supplier_B,East,Heatwave,Road,Food,1155.0,0.947,3.5,427.0,588.0,0.271,0.245,0
Supplier_B,West,Heatwave,Road,Automotive,633.0,0.766,8.7,380.0,618.0,0.403,0.168,0
Supplier_D,North,Clear,Road,Food,525.0,0.64,6.2,626.0,713.0,0.259,0.374,0
Supplier_E,South,Clear,Road,Electronics,699.0,0.71,7.2,341.0,555.0,0.437,0.475,0
Supplier_E,South,Clear,Air,Pharma,462.0,1.0,1.0,534.0,748.0,0.43,0.521,0
Supplier_A,South,Flood,Sea,Food,83.0,0.572,1.0,293.0,805.0,0.391,0.01,1
Supplier_A,Central,Storm,Road,Electronics,487.0,0.67,1.5,567.0,557.0,0.395,0.114,1
Supplier_A,South,Clear,Rail,Textile,483.0,0.923,11.2,607.0,570.0,0.237,0.749,0
Supplier_C,South,Clear,Road,Textile,136.0,0.812,2.6,615.0,377.0,0.294,0.458,0
Supplier_A,North,Clear,Road,Food,531.0,0.661,8.2,685.0,283.0,0.016,0.499,0
Supplier_B,North,Flood,Air,Food,50.0,0.925,4.1,473.0,782.0,0.326,0.207,1
Supplier_E,North,Flood,Air,Textile,460.0,0.932,5.3,643.0,633.0,0.153,0.499,1
Supplier_E,East,Clear,Air,Food,613.0,0.83,5.9,712.0,651.0,0.37,0.417,0
Supplier_E,East,Rain,Road,Automotive,575.0,0.688,10.9,218.0,370.0,0.207,0.364,0
Supplier_B,East,Clear,Rail,Food,443.0,0.711,7.8,311.0,857.0,0.01,0.178,0
Supplier_D,Central,Rain,Road,Pharma,528.0,0.823,7.2,151.0,450.0,0.8,0.309,0
Supplier_D,East,Heatwave,Sea,Automotive,346.0,0.583,9.9,611.0,324.0,0.304,0.934,1
Supplier_A,North,Clear,Air,Electronics,553.0,0.979,4.1,148.0,374.0,0.639,0.423,0
Supplier_C,South,Clear,Sea,Pharma,565.0,1.0,9.2,100.0,846.0,0.245,0.674,0
Supplier_C,South,Rain,Road,Automotive,316.0,0.745,8.7,222.0,256.0,0.69,0.457,1
Supplier_B,Central,Clear,Rail,Automotive,620.0,0.833,8.7,107.0,335.0,0.12,0.431,0
Supplier_D,South,Storm,Air,Textile,618.0,0.958,5.5,469.0,1138.0,0.385,0.36,0
Supplier_D,North,Clear,Road,Automotive,507.0,1.0,4.7,225.0,707.0,0.132,0.796,0
Supplier_C,West,Flood,Rail,Electronics,1179.0,1.0,3.4,116.0,339.0,0.87,0.582,1
Supplier_D,East,Clear,Rail,Textile,513.0,0.52,3.6,412.0,262.0,0.3,0.326,0
Supplier_D,North,Clear,Sea,Food,477.0,0.733,3.2,423.0,132.0,0.516,0.413,0
Supplier_C,West,Clear,Road,Electronics,440.0,0.855,7.1,83.0,521.0,0.44,0.737,0
Supplier_B,South,Clear,Sea,Food,298.0,0.706,5.3,292.0,660.0,0.345,0.01,0
Supplier_D,Central,Clear,Road,Electronics,728.0,1.0,7.3,407.0,834.0,0.454,0.568,0
Supplier_D,Central,Rain,Rail,Food,372.0,1.0,,356.0,83.0,0.622,0.618,0
Supplier_E,South,Clear,Rail,Food,402.0,0.658,2.8,361.0,208.0,0.484,0.335,0
Supplier_A,East,Clear,Road,Electronics,410.0,0.756,2.7,632.0,474.0,0.382,0.534,0
Supplier_C,East,Clear,Sea,Textile,294.0,0.668,5.3,806.0,1113.0,0.454,0.611,1
Supplier_E,West,Clear,Sea,Food,95.0,0.751,3.7,364.0,695.0,0.733,0.229,0
Supplier_C,North,Flood,Sea,Textile,430.0,0.746,,182.0,582.0,0.267,0.685,1
Supplier_E,South,Heatwave,Sea,Food,777.0,0.923,11.1,378.0,231.0,0.01,0.565,0
Supplier_A,North,Clear,Air,Food,601.0,0.647,1.4,455.0,34.0,0.131,0.466,0
Supplier_A,West,Storm,Rail,Textile,956.0,0.387,12.1,410.0,509.0,0.146,0.523,1
Supplier_D,North,Storm,Sea,Pharma,745.0,0.539,6.9,530.0,478.0,0.174,0.656,1
Supplier_B,East,Heatwave,Road,Textile,686.0,0.626,9.0,818.0,441.0,0.181,1.0,1
Supplier_C,West,Clear,Sea,Electronics,1039.0,0.682,8.6,112.0,416.0,0.345,0.634,1
Supplier_C,Central,Clear,Rail,Textile,525.0,0.808,7.9,329.0,335.0,0.399,0.678,0
Supplier_C,South,Clear,Air,Automotive,566.0,0.618,11.0,697.0,285.0,0.397,0.543,0
Supplier_E,North,Flood,Road,Food,547.0,0.598,2.8,326.0,806.0,0.204,0.918,1
Supplier_A,West,Storm,Road,Pharma,951.0,0.641,5.5,562.0,305.0,0.549,0.177,1
Supplier_D,North,Clear,Road,Food,551.0,0.613,3.4,534.0,439.0,0.457,0.118,0
Supplier_E,North,Clear,Road,Food,381.0,0.697,1.0,643.0,491.0,0.666,0.534,0
Supplier_D,Central,Storm,Road,Textile,703.0,0.69,4.0,764.0,655.0,0.519,0.645,1
Supplier_B,Central,Flood,Road,Textile,338.0,0.883,11.6,480.0,313.0,0.28,0.01,1
Supplier_A,West,Clear,Road,Food,689.0,0.632,5.5,106.0,715.0,0.611,0.499,0
Supplier_D,Central,Rain,Rail,Pharma,658.0,0.726,12.0,294.0,372.0,0.405,0.46,1
Supplier_C,North,Clear,Road,Pharma,501.0,0.698,12.3,813.0,464.0,0.51,0.664,0
Supplier_A,North,Clear,Sea,Pharma,697.0,0.901,15.0,165.0,861.0,0.494,,0
Supplier_B,South,Rain,Road,Electronics,163.0,0.757,11.7,509.0,287.0,0.325,0.102,0
Supplier_E,North,Storm,Rail,Electronics,592.0,0.938,13.1,20.0,659.0,0.371,0.262,0
Supplier_B,Central,Heatwave,Road,Automotive,430.0,0.607,7.0,177.0,721.0,0.324,0.323,0
Supplier_A,North,Clear,Rail,Pharma,1294.0,0.773,6.7,580.0,568.0,0.179,0.663,0
Supplier_D,East,Clear,Rail,Food,591.0,0.694,6.9,426.0,474.0,0.01,0.582,0
Supplier_A,Central,Clear,Rail,Automotive,395.0,0.596,6.0,352.0,968.0,0.211,0.363,0
Supplier_E,West,Clear,Road,Automotive,192.0,0.77,6.4,273.0,497.0,0.39,0.532,0
Supplier_E,South,Clear,Rail,Pharma,889.0,1.0,8.3,61.0,545.0,0.567,0.267,0
Supplier_E,East,Clear,Road,Automotive,459.0,0.652,4.6,545.0,426.0,0.509,0.951,0
Supplier_E,East,Clear,Rail,Electronics,344.0,0.761,1.9,369.0,533.0,0.294,0.626,0
Supplier_B,West,Clear,Road,Food,637.0,0.583,7.1,146.0,712.0,0.214,0.673,0
Supplier_B,East,Clear,Air,Electronics,719.0,0.561,3.9,425.0,439.0,0.314,0.803,0
Supplier_B,South,Storm,Road,Food,715.0,0.662,4.2,525.0,36.0,0.155,0.724,1
Supplier_C,West,Clear,Air,Electronics,555.0,0.713,5.6,384.0,613.0,0.01,0.507,0
Supplier_E,Central,Rain,Road,Textile,591.0,0.719,4.9,441.0,263.0,0.041,0.459,0
Supplier_D,East,Heatwave,Road,Automotive,610.0,0.746,9.3,427.0,663.0,0.625,0.783,1
Supplier_D,North,Rain,Road,Pharma,637.0,0.533,5.5,293.0,500.0,0.721,0.506,1
Supplier_E,East,Clear,Road,Automotive,660.0,0.686,9.5,430.0,707.0,0.501,0.335,0
Supplier_D,Central,Clear,Rail,Pharma,835.0,0.855,6.6,552.0,291.0,0.338,0.933,0
Supplier_B,Central,Rain,Sea,Food,565.0,0.576,5.7,606.0,382.0,0.071,0.294,0
Supplier_C,East,Rain,Air,Electronics,338.0,0.727,6.5,562.0,425.0,0.318,0.118,0
Supplier_C,North,Clear,Road,Food,512.0,0.824,2.1,298.0,174.0,0.472,0.718,0
Supplier_A,East,Clear,Road,Electronics,746.0,0.663,7.0,535.0,745.0,0.516,0.339,0
Supplier_D,Central,Rain,Sea,Electronics,86.0,0.831,8.5,504.0,142.0,0.488,,0
Supplier_D,Central,Clear,Road,Food,87.0,0.552,9.0,292.0,741.0,0.592,0.9,1
Supplier_D,North,Rain,Road,Food,789.0,0.913,1.9,336.0,593.0,0.739,0.198,0
Supplier_C,South,Clear,Sea,Pharma,945.0,0.835,,542.0,456.0,0.269,,0
Supplier_D,East,Clear,Road,Electronics,221.0,0.788,4.4,668.0,576.0,0.911,0.826,1
Supplier_E,North,Storm,Road,Food,576.0,0.949,10.2,94.0,570.0,0.01,,1
Supplier_C,Central,Clear,Road,Textile,446.0,0.731,6.7,715.0,412.0,0.194,0.46,0
Supplier_C,North,Rain,Rail,Automotive,482.0,0.687,3.7,630.0,566.0,0.39,1.0,1
Supplier_A,West,Clear,Road,Electronics,629.0,0.986,1.6,456.0,661.0,0.46,0.479,0
Supplier_D,Central,Clear,Air,Textile,214.0,1.0,3.9,377.0,292.0,0.314,0.587,0
Supplier_E,West,Heatwave,Road,Food,262.0,0.676,3.7,490.0,576.0,0.251,0.863,1
Supplier_D,West,Clear,Road,Food,472.0,0.763,8.8,305.0,20.0,0.791,0.716,0
Supplier_E,South,Clear,Road,Electronics,512.0,0.937,9.0,388.0,75.0,0.241,0.791,0
Supplier_E,Central,Heatwave,Sea,Pharma,257.0,0.768,2.9,154.0,624.0,0.146,0.302,1
Supplier_D,East,Storm,Road,Automotive,755.0,0.869,8.3,107.0,408.0,0.688,0.77,1
Supplier_C,North,Rain,Air,Pharma,441.0,0.897,8.0,840.0,312.0,0.52,0.537,0
Supplier_A,South,Clear,Road,Electronics,440.0,0.696,2.5,431.0,488.0,0.569,0.336,0
Supplier_A,South,Clear,Road,Electronics,623.0,0.843,5.7,457.0,413.0,0.389,0.549,0
Supplier_B,East,Rain,Road,Textile,516.0,0.779,7.0,414.0,283.0,0.075,,0
Supplier_C,South,Clear,Rail,Textile,768.0,0.597,6.5,271.0,139.0,0.367,0.911,0
Supplier_D,East,Clear,Rail,Electronics,307.0,0.632,1.0,365.0,67.0,0.047,0.584,0
Supplier_C,East,Storm,Sea,Textile,187.0,0.682,6.4,436.0,663.0,0.398,0.328,1
Supplier_A,South,Clear,Sea,Textile,469.0,0.919,7.9,385.0,407.0,0.481,0.277,0
Supplier_B,West,Clear,Air,Pharma,566.0,0.924,10.7,285.0,713.0,0.565,0.49,0
Supplier_E,South,Clear,Rail,Automotive,227.0,0.892,4.0,506.0,405.0,0.332,0.204,0
Supplier_E,West,Clear,Rail,Pharma,189.0,0.846,4.4,454.0,578.0,0.5,0.343,0
Supplier_B,South,Rain,Rail,Pharma,597.0,0.842,5.4,491.0,472.0,0.169,0.446,0
Supplier_E,Central,Flood,Road,Automotive,353.0,0.822,6.9,547.0,510.0,0.543,0.407,1
Supplier_D,South,Clear,Sea,Pharma,172.0,0.841,,389.0,520.0,0.485,0.66,0
Supplier_E,North,Clear,Sea,Pharma,801.0,0.851,7.8,390.0,402.0,0.19,0.338,0
Supplier_E,North,Rain,Road,Pharma,386.0,0.569,2.6,687.0,229.0,0.456,,0
Supplier_D,Central,Clear,Sea,Electronics,849.0,0.661,7.2,250.0,669.0,0.568,0.129,0
Supplier_B,Central,Rain,Sea,Textile,557.0,0.626,3.8,83.0,851.0,0.366,0.496,0
Supplier_D,South,Heatwave,Road,Automotive,627.0,0.946,5.6,520.0,865.0,0.185,0.371,0
Supplier_B,West,Rain,Sea,Textile,495.0,1.0,11.1,307.0,378.0,0.386,0.228,1
Supplier_B,East,Clear,Road,Food,50.0,0.455,1.8,226.0,339.0,0.46,0.931,0
Supplier_D,North,Heatwave,Road,Electronics,254.0,1.0,5.2,579.0,378.0,0.184,0.682,0
Supplier_C,East,Clear,Road,Pharma,517.0,0.793,2.2,394.0,461.0,0.148,0.487,0
Supplier_C,West,Heatwave,Rail,Pharma,645.0,0.932,6.5,193.0,488.0,0.454,0.551,0
Supplier_B,Central,Rain,Road,Textile,85.0,0.856,9.1,768.0,280.0,0.515,0.442,1
Supplier_C,Central,Rain,Sea,Pharma,536.0,0.996,6.5,130.0,174.0,0.78,0.224,0
Supplier_A,North,Heatwave,Road,Automotive,258.0,0.811,5.6,404.0,511.0,0.483,0.727,1
Supplier_D,South,Rain,Road,Electronics,611.0,0.575,10.0,80.0,20.0,0.108,0.687,1
Supplier_C,East,Clear,Rail,Textile,545.0,0.764,7.0,469.0,478.0,0.758,0.065,0
Supplier_E,North,Clear,Road,Automotive,743.0,0.857,8.5,305.0,292.0,0.561,0.55,0
Supplier_C,East,Rain,Air,Food,827.0,0.748,8.1,567.0,672.0,0.01,0.574,0
Supplier_C,North,Rain,Road,Pharma,669.0,0.879,1.0,417.0,730.0,0.144,0.429,0
Supplier_A,North,Clear,Sea,Pharma,774.0,0.77,5.8,663.0,736.0,0.252,0.961,1
Supplier_A,North,Storm,Air,Pharma,459.0,0.691,2.8,343.0,424.0,0.518,0.938,1
Supplier_B,South,Rain,Road,Food,1284.0,0.617,3.5,131.0,250.0,0.01,0.417,0
Supplier_B,West,Clear,Road,Textile,233.0,0.721,10.4,463.0,321.0,0.326,0.451,0
Supplier_B,North,Clear,Road,Pharma,413.0,0.811,4.9,375.0,563.0,0.506,0.425,0
Supplier_B,Central,Clear,Sea,Automotive,784.0,0.486,11.7,93.0,138.0,0.01,0.366,1
Supplier_D,South,Clear,Air,Food,746.0,,1.8,230.0,807.0,0.499,0.297,0
Supplier_A,North,Clear,Road,Automotive,677.0,0.48,2.7,287.0,427.0,0.523,0.612,1
Supplier_B,South,Clear,Road,Automotive,726.0,0.687,8.3,700.0,610.0,0.181,0.932,0
Supplier_A,West,Clear,Sea,Electronics,50.0,0.96,5.0,547.0,108.0,0.119,0.841,0
Supplier_B,North,Clear,Road,Electronics,963.0,0.602,6.9,357.0,296.0,0.178,0.674,0
Supplier_D,North,Rain,Air,Textile,497.0,0.885,5.7,505.0,81.0,0.01,0.01,0
Supplier_A,Central,Clear,Air,Electronics,874.0,1.0,5.6,53.0,725.0,0.285,0.09,0
Supplier_B,East,Heatwave,Road,Food,50.0,0.998,5.1,318.0,465.0,0.394,0.734,0
Supplier_A,South,Heatwave,Rail,Automotive,617.0,0.8,6.5,492.0,626.0,0.106,0.856,1
Supplier_E,West,Rain,Road,Food,403.0,0.909,7.9,450.0,514.0,0.544,0.622,0
Supplier_D,Central,Heatwave,Road,Electronics,699.0,0.575,10.8,323.0,603.0,0.371,0.433,1
Supplier_B,South,Flood,Sea,Electronics,632.0,0.544,5.4,413.0,426.0,0.402,0.798,1
Supplier_A,East,Clear,Air,Automotive,645.0,0.784,4.8,481.0,455.0,0.27,0.666,0
Supplier_A,North,Storm,Sea,Textile,275.0,0.84,4.4,418.0,480.0,0.499,0.75,1
Supplier_C,South,Clear,Rail,Pharma,535.0,0.944,10.4,575.0,589.0,0.608,0.092,0
Supplier_D,East,Rain,Road,Food,503.0,0.695,8.1,477.0,595.0,0.268,0.576,0
Supplier_C,North,Rain,Air,Textile,679.0,0.809,1.0,512.0,1119.0,0.502,0.89,0
Supplier_E,Central,Clear,Rail,Textile,807.0,0.804,1.0,728.0,870.0,0.504,0.616,0
Supplier_B,Central,Clear,Road,Food,589.0,0.76,3.5,569.0,109.0,0.434,0.709,0
Supplier_B,South,Heatwave,Road,Automotive,218.0,0.769,6.7,733.0,469.0,0.685,0.508,0
Supplier_C,South,Clear,Rail,Textile,578.0,0.652,5.9,299.0,411.0,0.205,0.523,0
Supplier_B,North,Clear,Air,Automotive,1229.0,0.822,7.5,133.0,782.0,0.266,0.809,0
Supplier_E,East,Clear,Road,Food,978.0,0.809,5.5,395.0,431.0,0.195,0.353,0
Supplier_A,North,Clear,Sea,Automotive,50.0,0.714,10.2,379.0,602.0,0.495,0.331,0
Supplier_C,South,Flood,Road,Pharma,566.0,0.88,8.3,683.0,20.0,0.296,0.395,1
Supplier_C,East,Storm,Road,Textile,792.0,0.934,6.2,217.0,167.0,0.211,,0
Supplier_A,West,Clear,Road,Electronics,503.0,0.882,9.4,406.0,960.0,0.683,0.146,0
Supplier_C,East,Clear,Sea,Pharma,430.0,0.624,1.1,493.0,511.0,0.712,0.661,1
Supplier_C,South,Clear,Road,Pharma,481.0,0.795,,438.0,280.0,0.284,0.464,0
Supplier_B,West,Clear,Rail,Pharma,694.0,0.643,6.4,389.0,553.0,0.077,0.688,0
Supplier_A,West,Storm,Road,Food,251.0,0.794,7.8,485.0,268.0,0.723,0.034,0
Supplier_A,West,Storm,Air,Automotive,859.0,,1.0,614.0,438.0,0.444,0.689,1
Supplier_A,East,Clear,Air,Textile,535.0,,5.2,696.0,180.0,0.434,0.794,0
Supplier_C,Central,Rain,Road,Food,307.0,0.897,7.2,426.0,326.0,0.371,0.596,0
Supplier_A,South,Clear,Sea,Automotive,842.0,0.953,7.4,273.0,408.0,0.19,0.507,0
Supplier_E,Central,Rain,Road,Food,148.0,0.938,9.6,696.0,747.0,0.267,0.69,0
Supplier_B,South,Rain,Road,Electronics,406.0,0.739,8.3,226.0,602.0,0.486,0.78,1
Supplier_D,South,Rain,Rail,Automotive,401.0,0.716,5.8,742.0,640.0,0.26,0.615,0
Supplier_D,East,Rain,Air,Electronics,1107.0,1.0,8.0,662.0,494.0,0.437,0.631,0
Supplier_C,East,Heatwave,Road,Food,372.0,0.755,5.4,688.0,681.0,0.353,0.865,1
Supplier_E,West,Clear,Rail,Textile,50.0,0.577,6.4,543.0,308.0,0.139,0.667,0
Supplier_A,South,Clear,Road,Automotive,399.0,0.931,8.4,40.0,339.0,0.674,0.324,0
Supplier_B,Central,Clear,Rail,Food,668.0,0.802,5.9,233.0,590.0,0.469,0.779,0
Supplier_B,South,Rain,Air,Pharma,754.0,1.0,7.1,475.0,439.0,0.416,0.473,0
Supplier_A,East,Rain,Sea,Textile,1142.0,0.816,8.9,298.0,497.0,0.461,0.507,1
Supplier_B,Central,Rain,Rail,Textile,916.0,0.777,8.1,363.0,464.0,0.01,,0
Supplier_B,East,Storm,Rail,Pharma,599.0,1.0,9.7,530.0,776.0,0.251,0.713,0
Supplier_D,West,Clear,Rail,Electronics,318.0,0.549,13.0,389.0,787.0,0.045,0.885,0
Supplier_B,Central,Rain,Road,Food,972.0,0.692,8.1,201.0,362.0,0.375,0.505,0
Supplier_E,Central,Storm,Road,Automotive,454.0,0.647,4.6,579.0,113.0,0.415,0.881,1
Supplier_D,East,Clear,Sea,Textile,379.0,0.451,7.5,513.0,343.0,0.378,0.536,0
Supplier_E,East,Clear,Road,Textile,442.0,0.911,7.4,375.0,303.0,0.586,0.808,0
Supplier_A,North,Clear,Air,Pharma,224.0,0.696,7.8,548.0,683.0,0.051,0.544,0
Supplier_E,East,Clear,Road,Pharma,429.0,0.916,10.5,437.0,703.0,0.19,0.392,0
Supplier_D,Central,Storm,Sea,Textile,489.0,0.838,1.0,660.0,273.0,0.433,0.923,1
Supplier_E,East,Heatwave,Road,Pharma,740.0,0.871,10.5,447.0,334.0,0.403,0.371,1
Supplier_B,South,Rain,Sea,Food,449.0,0.712,11.6,658.0,175.0,0.087,0.356,0
Supplier_E,North,Clear,Air,Pharma,220.0,0.665,7.7,83.0,530.0,0.589,0.224,0
Supplier_C,South,Rain,Road,Pharma,133.0,0.793,7.8,503.0,490.0,0.659,0.779,1
Supplier_A,South,Storm,Air,Food,604.0,0.918,5.3,348.0,674.0,0.435,0.831,1
Supplier_C,Central,Clear,Rail,Pharma,569.0,0.772,6.0,265.0,609.0,0.048,0.582,0
Supplier_A,East,Flood,Road,Food,406.0,0.675,8.1,629.0,634.0,0.382,0.284,1
Supplier_E,North,Clear,Road,Pharma,428.0,0.6,7.9,580.0,161.0,0.418,0.499,0
Supplier_B,North,Clear,Air,Electronics,651.0,0.811,8.2,59.0,362.0,0.296,0.433,0
Supplier_B,Central,Clear,Air,Automotive,912.0,0.697,7.9,549.0,709.0,0.619,0.273,0
Supplier_C,Central,Clear,Road,Textile,347.0,0.769,8.7,527.0,382.0,0.327,0.392,0
Supplier_C,West,Flood,Sea,Food,573.0,0.744,8.4,290.0,142.0,0.771,0.611,1
Supplier_A,North,Clear,Road,Pharma,799.0,0.713,2.9,270.0,678.0,0.507,0.367,0
Supplier_E,North,Clear,Road,Automotive,348.0,0.824,8.5,134.0,373.0,0.405,0.564,0
Supplier_E,North,Clear,Rail,Food,546.0,0.863,11.6,359.0,734.0,0.534,0.109,0
Supplier_D,West,Clear,Road,Food,540.0,1.0,5.9,388.0,496.0,0.656,0.869,0
Supplier_D,West,Clear,Road,Food,209.0,0.894,10.5,563.0,439.0,0.53,0.414,0
Supplier_C,Central,Clear,Rail,Automotive,594.0,1.0,3.2,468.0,800.0,0.335,0.691,0
Supplier_C,North,Rain,Road,Electronics,558.0,0.657,5.9,229.0,213.0,0.218,0.542,0
Supplier_C,North,Clear,Road,Electronics,694.0,0.54,4.1,463.0,816.0,0.126,0.589,0
Supplier_A,Central,Storm,Air,Electronics,241.0,0.778,10.1,374.0,359.0,0.01,0.251,0
Supplier_A,Central,Clear,Rail,Electronics,553.0,0.909,10.9,252.0,536.0,0.385,0.333,0
Supplier_B,West,Storm,Sea,Textile,909.0,0.885,5.7,134.0,538.0,0.272,0.338,1
Supplier_C,North,Storm,Rail,Automotive,1090.0,0.962,9.5,532.0,406.0,0.283,0.506,1
Supplier_A,North,Clear,Rail,Automotive,883.0,0.4,11.0,500.0,332.0,0.556,0.792,1
Supplier_A,North,Clear,Road,Automotive,244.0,0.968,5.9,520.0,419.0,0.328,0.595,0
Supplier_E,West,Heatwave,Air,Electronics,667.0,0.83,6.4,289.0,277.0,0.729,0.302,0
Supplier_B,Central,Clear,Road,Pharma,424.0,0.548,8.2,451.0,932.0,0.235,0.519,0
Supplier_C,West,Rain,Road,Automotive,624.0,0.889,3.5,172.0,394.0,0.156,0.482,0
Supplier_C,South,Clear,Sea,Food,349.0,0.805,6.3,242.0,755.0,0.098,0.423,0
Supplier_D,West,Clear,Air,Food,104.0,0.837,12.4,426.0,726.0,0.495,0.497,0
Supplier_D,North,Rain,Rail,Automotive,460.0,0.93,4.5,467.0,580.0,0.58,0.668,0
Supplier_B,Central,Flood,Road,Electronics,738.0,0.845,8.6,127.0,470.0,0.231,0.342,1
Supplier_E,Central,Clear,Road,Automotive,625.0,0.559,7.6,230.0,543.0,0.137,0.424,0
Supplier_B,West,Storm,Rail,Automotive,655.0,0.759,5.5,354.0,626.0,0.656,0.716,1
Supplier_E,Central,Rain,Air,Food,606.0,0.537,6.7,593.0,522.0,0.06,0.603,0
Supplier_C,East,Clear,Rail,Food,655.0,0.877,11.3,274.0,155.0,0.552,0.781,0
Supplier_A,East,Clear,Road,Electronics,688.0,0.99,7.7,445.0,100.0,0.236,0.816,0
Supplier_D,South,Clear,Road,Pharma,479.0,0.594,8.1,464.0,832.0,0.429,0.201,0
Supplier_A,Central,Clear,Rail,Pharma,572.0,0.679,10.8,375.0,20.0,0.565,0.563,0
Supplier_D,West,Rain,Air,Textile,1003.0,0.648,5.1,468.0,543.0,0.445,0.388,1
Supplier_A,North,Clear,Road,Electronics,587.0,0.712,2.9,178.0,448.0,0.291,0.236,0
Supplier_B,Central,Clear,Road,Pharma,561.0,,11.3,302.0,535.0,0.629,0.326,0
Supplier_D,North,Rain,Road,Electronics,577.0,0.714,6.4,678.0,249.0,0.408,,0
Supplier_E,East,Rain,Road,Pharma,493.0,0.878,8.7,691.0,577.0,1.0,0.435,1
Supplier_C,North,Rain,Rail,Electronics,437.0,0.94,3.7,572.0,545.0,0.01,0.366,0
Supplier_A,West,Rain,Road,Pharma,604.0,0.945,7.2,618.0,1107.0,0.01,0.497,0
Supplier_B,East,Clear,Rail,Automotive,419.0,0.612,2.7,91.0,529.0,0.549,1.0,0
Supplier_E,East,Rain,Air,Automotive,512.0,0.988,6.2,249.0,797.0,0.344,0.12,0
Supplier_D,West,Clear,Sea,Pharma,344.0,1.0,4.1,364.0,170.0,0.509,0.75,0
Supplier_A,West,Clear,Sea,Automotive,578.0,1.0,3.4,855.0,724.0,0.13,0.496,0
Supplier_B,South,Clear,Road,Automotive,702.0,,5.1,364.0,550.0,0.361,0.404,0
Supplier_B,Central,Rain,Road,Textile,495.0,0.667,1.0,554.0,559.0,0.441,0.056,0
Supplier_A,East,Rain,Road,Textile,50.0,0.632,2.5,488.0,562.0,0.241,0.668,0
Supplier_E,North,Clear,Air,Pharma,703.0,0.615,8.3,484.0,875.0,0.396,0.183,0
Supplier_D,North,Flood,Road,Food,581.0,0.782,7.0,416.0,556.0,0.078,0.682,1
Supplier_A,South,Flood,Road,Automotive,292.0,0.907,2.8,204.0,327.0,0.429,,1
Supplier_D,West,Clear,Road,Pharma,751.0,0.976,7.6,20.0,364.0,0.639,0.218,0
Supplier_C,East,Rain,Road,Food,186.0,0.707,3.4,651.0,680.0,0.102,0.757,0
Supplier_A,South,Clear,Air,Food,822.0,0.774,8.2,309.0,598.0,0.09,0.506,0
Supplier_C,East,Heatwave,Air,Pharma,535.0,0.764,5.7,84.0,163.0,0.588,0.039,0
Supplier_A,Central,Clear,Rail,Electronics,50.0,0.685,5.0,499.0,613.0,0.087,0.235,0
Supplier_B,East,Clear,Sea,Electronics,596.0,0.89,5.7,495.0,262.0,0.518,0.539,0
Supplier_E,North,Clear,Road,Automotive,444.0,0.834,13.7,558.0,596.0,0.361,0.588,0
Supplier_D,North,Clear,Road,Textile,405.0,0.801,3.7,621.0,323.0,0.266,0.152,0
Supplier_A,East,Rain,Road,Automotive,358.0,0.834,6.7,255.0,438.0,0.643,0.507,0
Supplier_E,East,Rain,Air,Pharma,517.0,0.872,8.3,263.0,380.0,0.536,0.681,0
Supplier_C,Central,Clear,Rail,Electronics,424.0,0.871,3.1,363.0,834.0,0.406,0.72,0
Supplier_E,East,Rain,Road,Automotive,67.0,0.654,1.2,568.0,588.0,0.01,0.409,0
Supplier_D,West,Flood,Sea,Electronics,881.0,0.914,4.2,42.0,777.0,0.492,0.596,1
Supplier_B,East,Storm,Road,Food,486.0,0.818,8.3,443.0,1137.0,0.136,0.736,1
Supplier_C,South,Rain,Road,Textile,360.0,0.715,5.0,588.0,510.0,0.306,0.688,0
Supplier_C,West,Clear,Rail,Electronics,257.0,0.815,5.3,580.0,830.0,0.351,0.696,0
Supplier_D,West,Clear,Sea,Food,750.0,0.832,8.7,548.0,346.0,0.729,0.525,0
Supplier_B,West,Flood,Air,Textile,212.0,0.942,3.6,611.0,776.0,0.299,0.479,1
Supplier_B,North,Storm,Sea,Pharma,585.0,0.623,5.7,20.0,322.0,0.065,0.56,1
Supplier_B,West,Rain,Road,Textile,398.0,0.979,1.5,710.0,496.0,0.644,0.332,0
Supplier_B,South,Flood,Rail,Textile,413.0,0.783,7.0,479.0,618.0,0.495,0.745,1
Supplier_A,West,Clear,Sea,Food,263.0,0.704,6.7,660.0,653.0,0.503,0.163,0
Supplier_A,West,Rain,Rail,Pharma,389.0,0.699,8.4,209.0,220.0,0.648,0.389,0
Supplier_E,West,Clear,Road,Automotive,552.0,0.63,2.6,104.0,309.0,0.695,0.492,0
Supplier_A,Central,Clear,Sea,Automotive,611.0,0.519,5.4,742.0,635.0,0.172,0.603,1
Supplier_E,East,Clear,Road,Food,346.0,0.882,2.2,253.0,419.0,0.072,0.645,0
Supplier_A,North,Clear,Road,Electronics,526.0,1.0,5.3,364.0,193.0,0.518,0.828,0
Supplier_D,West,Heatwave,Sea,Automotive,781.0,0.537,10.4,515.0,484.0,0.298,0.517,1
Supplier_B,West,Clear,Sea,Pharma,118.0,0.637,5.0,559.0,474.0,0.316,0.342,0
Supplier_C,North,Storm,Sea,Electronics,548.0,0.893,1.9,614.0,539.0,0.126,0.468,0
Supplier_B,North,Storm,Sea,Electronics,303.0,0.773,4.0,460.0,616.0,0.467,0.43,1
Supplier_C,South,Rain,Road,Food,276.0,0.905,1.2,230.0,602.0,0.43,0.614,1
Supplier_C,Central,Heatwave,Sea,Electronics,618.0,0.765,2.1,547.0,331.0,0.319,0.265,1
Supplier_C,East,Clear,Road,Pharma,408.0,0.693,8.0,550.0,410.0,0.072,0.461,0
Supplier_B,Central,Clear,Air,Pharma,234.0,0.746,1.7,93.0,704.0,0.592,0.857,0
Supplier_C,Central,Clear,Road,Food,894.0,0.423,6.9,675.0,380.0,0.401,0.54,0
Supplier_E,East,Clear,Sea,Automotive,789.0,0.608,6.1,20.0,413.0,0.574,0.268,0
Supplier_C,West,Flood,Rail,Food,50.0,0.922,4.4,606.0,169.0,0.01,0.425,1
Supplier_B,South,Clear,Sea,Food,167.0,0.959,6.7,306.0,494.0,0.361,0.01,0
Supplier_A,North,Clear,Road,Electronics,704.0,0.991,3.2,547.0,576.0,0.207,0.487,0
Supplier_B,South,Clear,Road,Electronics,476.0,0.846,8.5,512.0,65.0,0.357,0.862,0
Supplier_A,East,Rain,Road,Textile,940.0,0.442,3.9,413.0,265.0,0.539,0.239,0
Supplier_A,North,Storm,Road,Automotive,710.0,0.685,4.8,501.0,187.0,0.424,0.18,1
Supplier_E,South,Clear,Air,Electronics,628.0,0.979,4.5,404.0,673.0,0.354,0.356,0
Supplier_A,North,Storm,Road,Food,284.0,1.0,8.1,549.0,79.0,0.353,0.703,1
Supplier_C,West,Rain,Rail,Electronics,678.0,0.984,7.6,813.0,483.0,0.038,0.875,0
Supplier_E,Central,Storm,Road,Electronics,218.0,0.745,1.0,179.0,658.0,0.169,0.599,1
Supplier_E,Central,Clear,Road,Pharma,889.0,0.584,6.8,20.0,541.0,0.574,0.217,0
Supplier_A,South,Rain,Rail,Automotive,660.0,0.774,1.0,345.0,403.0,0.249,0.495,0
Supplier_A,East,Clear,Road,Automotive,336.0,0.782,5.0,333.0,576.0,0.578,0.894,0
Supplier_B,Central,Clear,Road,Automotive,759.0,1.0,5.7,352.0,728.0,0.515,0.432,0
Supplier_C,East,Storm,Road,Electronics,1133.0,0.814,4.9,253.0,476.0,0.526,0.531,1
Supplier_E,South,Rain,Road,Electronics,493.0,0.783,7.5,577.0,20.0,0.417,0.553,0
Supplier_B,South,Clear,Rail,Food,693.0,0.791,8.2,171.0,753.0,0.263,0.16,0
Supplier_A,West,Flood,Road,Textile,438.0,0.84,3.7,501.0,588.0,0.32,0.72,1
Supplier_B,East,Clear,Road,Automotive,572.0,0.874,3.6,535.0,493.0,0.478,0.688,0
Supplier_E,Central,Rain,Air,Automotive,158.0,0.671,5.9,477.0,64.0,0.01,0.061,0
Supplier_A,Central,Heatwave,Rail,Electronics,550.0,0.621,1.4,508.0,434.0,0.599,0.207,1
Supplier_B,North,Rain,Rail,Textile,561.0,0.986,4.6,591.0,307.0,0.25,0.287,0
Supplier_A,West,Storm,Road,Textile,1018.0,0.534,10.0,430.0,232.0,0.333,0.665,1
Supplier_A,South,Rain,Sea,Food,83.0,1.0,1.5,358.0,470.0,0.334,0.335,0
Supplier_E,East,Storm,Road,Pharma,477.0,0.493,5.0,508.0,382.0,0.342,0.588,1
Supplier_A,South,Rain,Road,Automotive,885.0,0.692,4.2,528.0,397.0,0.087,,0
Supplier_B,South,Rain,Sea,Automotive,487.0,0.926,12.0,580.0,663.0,0.38,0.516,0
Supplier_E,South,Clear,Air,Textile,505.0,0.78,4.4,112.0,556.0,0.469,0.609,0
Supplier_D,North,Storm,Rail,Electronics,333.0,0.583,4.6,387.0,391.0,0.01,0.56,1
Supplier_A,West,Clear,Sea,Food,308.0,0.844,2.9,228.0,363.0,0.09,0.496,0
Supplier_C,North,Heatwave,Road,Automotive,75.0,0.79,6.0,521.0,400.0,0.529,0.572,0
Supplier_E,South,Clear,Sea,Pharma,386.0,0.748,6.8,551.0,446.0,0.492,0.548,0
Supplier_C,North,Clear,Air,Textile,293.0,0.686,3.3,371.0,628.0,0.41,0.454,0
Supplier_C,North,Flood,Road,Electronics,581.0,0.775,9.0,289.0,271.0,0.214,0.405,1
Supplier_C,South,Clear,Road,Electronics,345.0,0.693,6.8,527.0,821.0,0.493,0.914,0
Supplier_D,Central,Clear,Road,Automotive,425.0,1.0,8.6,396.0,629.0,0.109,0.403,0
Supplier_A,Central,Storm,Sea,Electronics,432.0,0.744,5.0,677.0,20.0,0.323,0.801,1
Supplier_E,South,Clear,Road,Food,537.0,0.724,6.7,739.0,519.0,0.089,0.349,0
Supplier_E,East,Clear,Road,Pharma,413.0,0.699,5.4,600.0,729.0,0.318,0.678,0
Supplier_A,Central,Rain,Air,Automotive,274.0,1.0,10.4,462.0,586.0,0.144,0.892,0
Supplier_E,South,Clear,Air,Electronics,572.0,0.534,6.3,749.0,409.0,0.501,0.426,0
Supplier_E,Central,Clear,Road,Pharma,828.0,0.834,6.0,463.0,487.0,0.437,0.353,0
Supplier_D,North,Clear,Sea,Textile,583.0,0.744,4.6,334.0,539.0,0.236,0.406,0
Supplier_B,South,Clear,Rail,Pharma,391.0,0.566,4.5,298.0,669.0,0.568,0.496,0
Supplier_C,South,Clear,Sea,Food,518.0,0.657,6.7,293.0,189.0,0.159,0.571,0
Supplier_E,North,Clear,Road,Textile,50.0,0.828,8.5,419.0,367.0,0.343,0.491,0
Supplier_A,Central,Rain,Road,Automotive,514.0,0.65,3.9,503.0,860.0,0.227,0.408,0
Supplier_E,Central,Rain,Rail,Automotive,446.0,0.819,6.4,165.0,507.0,0.498,0.93,0
Supplier_E,South,Clear,Road,Textile,307.0,1.0,6.6,339.0,836.0,0.479,0.456,0
Supplier_D,Central,Clear,Rail,Automotive,354.0,0.806,7.1,458.0,1157.0,0.61,0.364,0
Supplier_B,West,Flood,Road,Textile,443.0,0.562,1.0,536.0,392.0,0.367,0.683,1
Supplier_C,Central,Rain,Air,Food,808.0,0.653,3.2,415.0,237.0,0.01,0.686,0
Supplier_A,Central,Clear,Sea,Textile,834.0,0.737,1.9,464.0,442.0,0.264,0.811,0
Supplier_E,East,Clear,Sea,Automotive,309.0,0.727,6.1,197.0,742.0,0.663,,0
Supplier_B,North,Clear,Sea,Pharma,415.0,0.803,3.3,256.0,773.0,0.285,0.576,0
Supplier_A,Central,Storm,Sea,Food,422.0,0.827,4.5,409.0,1000.0,0.01,0.437,0
Supplier_D,West,Heatwave,Road,Pharma,760.0,1.0,2.4,512.0,492.0,0.44,0.082,0
Supplier_D,Central,Heatwave,Road,Pharma,588.0,0.779,4.8,462.0,607.0,0.455,0.294,0
Supplier_D,Central,Clear,Sea,Pharma,574.0,0.607,2.6,267.0,343.0,0.205,0.546,0
Supplier_A,North,Clear,Sea,Food,689.0,0.953,8.3,377.0,20.0,0.301,0.24,0
Supplier_D,East,Clear,Sea,Pharma,395.0,0.969,7.4,692.0,491.0,0.181,0.151,0
Supplier_D,North,Clear,Air,Automotive,905.0,0.815,6.5,518.0,246.0,0.455,0.514,0
Supplier_D,North,Clear,Road,Pharma,550.0,0.743,5.1,391.0,642.0,0.361,0.671,0
Supplier_E,Central,Rain,Sea,Food,327.0,0.873,1.0,235.0,86.0,0.117,0.446,0
Supplier_B,Central,Clear,Sea,Electronics,490.0,0.748,4.6,292.0,337.0,0.348,0.697,0
Supplier_B,Central,Heatwave,Air,Pharma,870.0,0.472,3.7,421.0,559.0,0.203,0.636,1
Supplier_E,Central,Clear,Sea,Pharma,439.0,0.865,6.7,470.0,582.0,0.642,0.753,0
Supplier_C,West,Clear,Rail,Textile,797.0,0.914,7.9,522.0,490.0,0.529,0.978,0
Supplier_C,East,Flood,Sea,Food,387.0,0.996,7.0,490.0,911.0,0.326,1.0,1
Supplier_B,Central,Storm,Road,Electronics,351.0,0.67,9.8,353.0,845.0,0.366,0.661,1
Supplier_D,East,Clear,Sea,Pharma,721.0,0.814,4.3,328.0,349.0,0.553,0.399,0
Supplier_D,West,Rain,Road,Automotive,323.0,0.817,4.2,788.0,854.0,0.315,0.514,0
Supplier_A,South,Clear,Road,Electronics,764.0,0.793,9.1,320.0,888.0,0.502,0.846,1
Supplier_C,West,Clear,Road,Electronics,641.0,0.797,6.5,187.0,473.0,0.645,0.303,0
Supplier_E,Central,Clear,Rail,Pharma,323.0,,5.3,125.0,510.0,0.252,0.818,0
Supplier_B,West,Clear,Road,Pharma,531.0,0.812,11.5,356.0,489.0,0.679,0.463,0
Supplier_B,East,Rain,Sea,Food,407.0,0.891,7.7,589.0,358.0,0.621,0.55,1
Supplier_E,North,Clear,Rail,Electronics,641.0,0.963,5.4,316.0,380.0,0.4,0.322,0
Supplier_A,North,Rain,Sea,Automotive,1041.0,0.667,3.9,686.0,790.0,0.261,0.209,1
Supplier_B,West,Storm,Road,Pharma,454.0,0.754,10.0,419.0,596.0,0.397,0.439,1
Supplier_C,West,Clear,Road,Automotive,689.0,0.717,6.6,620.0,378.0,0.301,0.787,0
Supplier_D,West,Clear,Air,Food,556.0,0.695,6.1,284.0,296.0,0.191,0.346,0
Supplier_A,Central,Clear,Air,Pharma,556.0,0.538,8.0,286.0,333.0,0.456,0.855,0
Supplier_C,East,Storm,Rail,Food,507.0,0.784,8.6,436.0,464.0,0.145,,1
Supplier_A,Central,Rain,Sea,Electronics,327.0,0.852,7.6,507.0,701.0,0.282,0.265,0
Supplier_D,West,Storm,Sea,Automotive,637.0,0.757,8.7,388.0,311.0,0.285,0.556,1
Supplier_D,South,Clear,Rail,Pharma,475.0,0.779,7.4,473.0,698.0,0.077,0.649,0
Supplier_C,Central,Clear,Sea,Pharma,315.0,0.843,7.7,526.0,543.0,0.482,0.541,0
Supplier_B,North,Rain,Air,Electronics,814.0,0.992,3.8,164.0,531.0,0.304,0.533,0
Supplier_A,East,Clear,Air,Pharma,576.0,0.717,11.4,359.0,726.0,0.61,0.853,0
Supplier_E,Central,Storm,Road,Pharma,491.0,0.604,2.3,327.0,686.0,0.301,0.521,1
Supplier_D,West,Clear,Road,Pharma,898.0,0.766,6.9,335.0,191.0,0.269,0.397,0
Supplier_B,Central,Clear,Road,Textile,73.0,1.0,2.0,493.0,262.0,0.169,0.251,0
Supplier_C,North,Rain,Air,Pharma,881.0,0.606,5.7,329.0,450.0,0.358,0.78,1
Supplier_D,East,Rain,Air,Electronics,321.0,0.878,4.3,59.0,578.0,0.359,0.406,0
Supplier_D,West,Rain,Road,Food,605.0,0.954,6.4,377.0,800.0,0.498,0.428,0
Supplier_C,West,Clear,Rail,Pharma,397.0,0.425,7.0,228.0,514.0,0.363,0.731,0
Supplier_B,Central,Heatwave,Road,Food,310.0,0.842,3.1,509.0,875.0,0.769,0.952,1
Supplier_D,East,Flood,Road,Automotive,892.0,0.871,5.9,565.0,345.0,0.441,0.555,1
Supplier_D,West,Flood,Sea,Electronics,1033.0,0.74,10.2,29.0,382.0,0.153,0.47,1
Supplier_C,East,Rain,Road,Food,492.0,0.683,2.1,281.0,433.0,0.136,0.499,0
Supplier_A,Central,Rain,Road,Electronics,637.0,0.691,3.4,484.0,320.0,0.457,0.4,0
Supplier_C,North,Rain,Rail,Electronics,565.0,0.731,8.6,166.0,755.0,0.146,0.422,0
Supplier_D,South,Clear,Road,Electronics,1000.0,0.735,6.2,561.0,20.0,0.469,0.423,0
Supplier_E,North,Clear,Air,Electronics,50.0,0.706,6.5,609.0,389.0,0.529,0.7,0
Supplier_C,West,Rain,Sea,Pharma,648.0,0.728,9.1,391.0,753.0,0.534,0.481,0
Supplier_B,South,Clear,Rail,Textile,361.0,0.959,3.6,281.0,431.0,0.176,0.799,0
Supplier_C,South,Clear,Rail,Textile,50.0,0.598,4.4,20.0,736.0,0.534,0.474,0
Supplier_A,Central,Flood,Road,Electronics,456.0,0.518,4.1,567.0,983.0,0.415,0.419,1
Supplier_A,South,Clear,Rail,Textile,1030.0,0.961,5.0,780.0,518.0,0.228,0.781,0
Supplier_D,North,Rain,Road,Automotive,379.0,0.751,10.0,743.0,757.0,0.318,0.505,0
Supplier_E,North,Rain,Road,Food,756.0,0.722,1.0,385.0,1032.0,0.444,0.472,0
Supplier_E,South,Clear,Sea,Automotive,862.0,0.763,2.4,223.0,588.0,0.215,0.507,0
Supplier_C,Central,Flood,Road,Food,547.0,,1.9,571.0,489.0,0.41,0.823,1
Supplier_A,East,Clear,Rail,Pharma,581.0,0.701,10.2,397.0,699.0,0.639,0.567,0
Supplier_E,Central,Flood,Road,Food,104.0,0.856,4.2,506.0,761.0,0.543,0.775,1
Supplier_C,South,Storm,Sea,Automotive,364.0,0.636,5.0,474.0,491.0,0.366,0.448,1
Supplier_B,South,Clear,Road,Automotive,786.0,0.735,1.2,437.0,394.0,0.397,0.74,0
Supplier_E,North,Clear,Road,Electronics,566.0,0.448,5.2,605.0,878.0,0.242,0.552,0
Supplier_D,South,Clear,Sea,Textile,646.0,0.956,8.6,612.0,440.0,0.248,0.694,0
Supplier_D,East,Clear,Rail,Pharma,585.0,0.754,6.8,326.0,763.0,0.043,0.713,0
Supplier_B,Central,Clear,Sea,Textile,1120.0,0.881,5.7,254.0,558.0,0.4,0.293,0
Supplier_E,South,Heatwave,Road,Pharma,438.0,0.851,1.3,20.0,902.0,0.486,0.516,0
Supplier_C,West,Clear,Air,Electronics,967.0,0.862,5.0,358.0,313.0,0.336,0.711,0
Supplier_C,West,Flood,Sea,Textile,585.0,0.779,6.4,223.0,313.0,0.175,0.746,1
Supplier_D,South,Clear,Rail,Food,990.0,0.838,,495.0,688.0,0.363,0.776,0
Supplier_D,Central,Heatwave,Air,Pharma,232.0,0.636,8.0,360.0,251.0,0.618,0.523,0
Supplier_A,East,Clear,Road,Electronics,598.0,0.604,8.7,379.0,526.0,0.53,0.839,0
Supplier_B,North,Clear,Air,Electronics,448.0,0.765,4.4,566.0,841.0,0.344,0.355,0
Supplier_B,Central,Rain,Sea,Electronics,586.0,0.678,8.2,492.0,107.0,0.759,0.171,1
Supplier_E,Central,Clear,Air,Textile,868.0,0.994,5.7,399.0,588.0,0.89,,0
Supplier_D,North,Storm,Sea,Electronics,648.0,0.836,9.4,724.0,767.0,0.254,0.763,1
Supplier_B,Central,Clear,Rail,Electronics,867.0,0.673,12.1,553.0,494.0,0.301,0.261,0
Supplier_D,Central,Rain,Rail,Textile,376.0,0.739,2.7,345.0,296.0,0.489,0.177,0
Supplier_D,Central,Rain,Road,Textile,336.0,0.8,8.3,353.0,442.0,0.167,0.121,0
Supplier_B,South,Rain,Air,Pharma,554.0,0.77,9.9,562.0,316.0,0.52,0.662,0
Supplier_C,West,Clear,Sea,Automotive,540.0,0.821,3.1,457.0,515.0,0.37,0.182,0
Supplier_E,East,Clear,Rail,Food,502.0,0.79,4.3,218.0,439.0,0.424,0.621,0
Supplier_C,West,Clear,Road,Food,301.0,0.571,4.2,581.0,387.0,0.235,0.428,0
Supplier_A,West,Clear,Rail,Pharma,862.0,0.457,5.6,646.0,603.0,0.192,0.33,0
Supplier_D,West,Clear,Air,Automotive,456.0,0.724,4.9,633.0,847.0,0.01,0.28,0
Supplier_C,East,Heatwave,Sea,Textile,921.0,0.864,5.4,698.0,572.0,0.647,0.545,1
Supplier_C,West,Rain,Road,Automotive,553.0,0.726,8.5,792.0,796.0,0.538,0.334,0
Supplier_D,East,Rain,Road,Textile,719.0,0.965,1.0,731.0,847.0,0.485,0.499,0
Supplier_E,North,Clear,Road,Electronics,695.0,0.773,3.1,481.0,371.0,0.42,0.588,0
Supplier_B,North,Clear,Road,Automotive,336.0,0.984,8.0,382.0,560.0,0.01,0.635,0
Supplier_C,Central,Rain,Sea,Textile,645.0,0.953,7.7,91.0,407.0,0.2,0.706,0
Supplier_A,Central,Clear,Road,Food,1051.0,0.938,2.8,422.0,174.0,0.299,0.536,0
Supplier_D,East,Clear,Rail,Textile,615.0,0.599,7.7,513.0,578.0,0.134,0.269,0
Supplier_C,North,Clear,Road,Pharma,784.0,0.783,10.0,428.0,269.0,0.011,0.602,0
Supplier_B,West,Rain,Road,Textile,730.0,0.963,5.9,80.0,607.0,0.155,0.644,0
Supplier_D,North,Heatwave,Sea,Textile,630.0,0.821,,368.0,158.0,0.36,0.46,1
Supplier_C,South,Clear,Rail,Automotive,598.0,0.863,8.6,536.0,538.0,0.36,0.437,0
Supplier_C,South,Rain,Road,Automotive,692.0,,11.2,235.0,154.0,0.532,1.0,1
Supplier_C,North,Clear,Road,Food,748.0,1.0,3.3,450.0,648.0,0.763,0.216,0
Supplier_B,Central,Clear,Sea,Pharma,198.0,0.661,6.1,498.0,413.0,0.487,0.609,0
Supplier_A,East,Storm,Sea,Food,614.0,0.481,9.3,621.0,392.0,0.315,0.73,1
Supplier_E,South,Clear,Road,Textile,502.0,0.727,6.3,728.0,748.0,0.71,0.425,0
Supplier_A,East,Rain,Rail,Electronics,448.0,0.413,1.0,352.0,429.0,0.034,0.463,0
Supplier_B,North,Clear,Road,Pharma,887.0,0.617,7.3,453.0,524.0,0.01,0.412,0
Supplier_D,East,Clear,Rail,Food,359.0,1.0,3.1,459.0,456.0,0.173,0.5,0
Supplier_A,East,Heatwave,Road,Pharma,187.0,0.723,2.2,537.0,612.0,0.512,0.698,1
Supplier_D,South,Clear,Sea,Automotive,757.0,0.566,1.0,517.0,729.0,0.384,0.456,0
Supplier_D,Central,Storm,Sea,Pharma,181.0,0.784,9.6,677.0,684.0,0.124,1.0,1
Supplier_D,South,Clear,Road,Automotive,50.0,0.645,3.5,20.0,397.0,0.205,0.4,0
Supplier_B,North,Heatwave,Rail,Electronics,786.0,0.91,7.0,495.0,766.0,0.102,0.803,0
Supplier_A,East,Clear,Road,Pharma,591.0,0.647,7.7,508.0,298.0,0.102,0.62,0
Supplier_E,Central,Clear,Road,Automotive,673.0,0.821,6.5,378.0,337.0,0.66,0.524,0
Supplier_B,South,Storm,Road,Food,435.0,0.608,6.9,20.0,472.0,0.321,0.824,1
Supplier_E,North,Clear,Road,Automotive,190.0,1.0,7.1,409.0,730.0,0.704,0.148,0
Supplier_A,Central,Clear,Sea,Automotive,242.0,0.856,6.4,292.0,243.0,0.172,0.594,0
Supplier_A,East,Heatwave,Road,Pharma,479.0,0.758,3.7,722.0,696.0,0.448,0.342,1
Supplier_D,North,Rain,Sea,Food,219.0,0.736,3.5,488.0,488.0,0.395,0.404,0
Supplier_E,West,Rain,Road,Textile,630.0,0.697,5.7,277.0,405.0,0.526,0.394,0
Supplier_E,South,Rain,Rail,Textile,430.0,0.666,5.6,51.0,742.0,0.401,0.288,0
Supplier_D,Central,Flood,Rail,Electronics,598.0,0.662,7.3,526.0,323.0,0.547,0.136,1
Supplier_B,South,Flood,Sea,Automotive,590.0,1.0,9.3,545.0,1003.0,0.461,0.586,1
Supplier_E,East,Rain,Road,Food,651.0,0.697,7.0,381.0,461.0,0.132,0.486,0
Supplier_D,East,Clear,Road,Electronics,680.0,0.461,3.6,529.0,533.0,0.497,0.434,0
Supplier_A,South,Clear,Air,Automotive,461.0,0.605,1.0,357.0,839.0,0.329,0.667,0
Supplier_A,East,Rain,Air,Electronics,598.0,0.919,3.7,612.0,539.0,0.195,0.599,0
Supplier_E,North,Flood,Air,Pharma,611.0,0.742,2.0,599.0,762.0,0.489,0.441,1
Supplier_B,West,Clear,Road,Automotive,50.0,0.76,3.8,125.0,70.0,0.534,1.0,0
Supplier_D,West,Clear,Road,Textile,718.0,0.955,6.7,169.0,403.0,0.253,0.724,0
Supplier_A,Central,Clear,Sea,Food,589.0,0.663,6.3,786.0,587.0,0.28,1.0,0
Supplier_B,South,Rain,Rail,Textile,697.0,0.875,11.6,588.0,738.0,0.073,0.409,0
Supplier_B,South,Flood,Rail,Textile,215.0,0.68,7.4,193.0,669.0,0.01,0.555,1
Supplier_B,East,Clear,Road,Food,468.0,0.866,,137.0,649.0,0.302,0.228,0
Supplier_D,West,Rain,Road,Electronics,266.0,0.721,8.1,457.0,733.0,0.508,0.427,0
Supplier_E,Central,Storm,Sea,Automotive,744.0,0.744,9.3,214.0,605.0,0.235,0.372,1
Supplier_E,North,Heatwave,Air,Electronics,185.0,0.903,4.9,363.0,28.0,0.636,1.0,1
Supplier_D,South,Clear,Road,Textile,309.0,0.892,2.8,411.0,817.0,0.309,0.348,0
Supplier_B,South,Heatwave,Sea,Pharma,689.0,0.755,4.7,404.0,316.0,0.31,0.449,1
Supplier_E,South,Rain,Rail,Automotive,386.0,0.709,6.0,623.0,569.0,0.292,0.18,0
Supplier_C,East,Storm,Road,Automotive,309.0,1.0,4.1,750.0,540.0,0.546,0.617,1
Supplier_C,Central,Clear,Road,Food,786.0,0.868,3.0,334.0,510.0,0.158,0.302,0
Supplier_D,North,Rain,Air,Textile,796.0,0.721,7.3,216.0,257.0,0.324,0.702,0
Supplier_D,Central,Rain,Road,Automotive,738.0,0.682,3.0,490.0,73.0,0.241,0.107,0
Supplier_E,West,Clear,Rail,Textile,771.0,0.934,1.4,714.0,279.0,0.238,0.473,0
Supplier_C,West,Clear,Air,Electronics,490.0,0.797,2.6,347.0,682.0,0.357,0.094,0
Supplier_D,West,Rain,Road,Food,497.0,0.755,5.3,573.0,182.0,0.327,0.392,0
Supplier_D,North,Rain,Sea,Textile,381.0,0.797,3.0,269.0,306.0,0.56,0.437,1
Supplier_B,West,Clear,Road,Textile,594.0,0.831,5.3,424.0,592.0,0.348,0.368,0
Supplier_B,South,Clear,Road,Food,413.0,0.771,7.8,211.0,274.0,0.461,0.39,0
Supplier_D,East,Clear,Air,Electronics,437.0,0.961,7.7,422.0,381.0,0.385,0.714,0
Supplier_A,West,Heatwave,Rail,Pharma,706.0,0.969,4.0,399.0,518.0,0.631,0.978,1
Supplier_B,West,Heatwave,Road,Food,858.0,0.86,2.1,529.0,562.0,0.29,0.575,0
Supplier_D,South,Clear,Rail,Automotive,654.0,0.986,4.3,740.0,270.0,0.29,0.311,0
Supplier_E,South,Clear,Sea,Textile,1017.0,0.781,8.0,350.0,531.0,0.499,0.514,0
Supplier_C,East,Clear,Sea,Electronics,367.0,0.884,8.7,60.0,588.0,0.287,0.422,0
Supplier_B,North,Clear,Sea,Pharma,72.0,0.931,7.1,384.0,220.0,0.45,0.696,0
Supplier_C,West,Flood,Road,Pharma,736.0,0.933,9.6,474.0,547.0,0.818,0.563,1
Supplier_D,North,Rain,Road,Textile,349.0,0.917,11.2,456.0,342.0,0.154,0.153,0
Supplier_C,East,Clear,Rail,Electronics,479.0,0.875,4.6,392.0,527.0,0.656,0.742,0
Supplier_A,West,Clear,Road,Pharma,90.0,1.0,10.5,688.0,659.0,0.252,0.713,0
Supplier_C,North,Clear,Air,Pharma,316.0,0.699,5.2,445.0,461.0,0.618,0.829,0
Supplier_C,Central,Flood,Road,Electronics,159.0,0.757,9.1,401.0,701.0,0.487,0.386,1
Supplier_D,South,Rain,Road,Automotive,437.0,0.748,8.1,280.0,674.0,0.47,0.566,0
Supplier_E,North,Rain,Road,Food,447.0,0.725,1.0,106.0,700.0,0.32,0.239,0
Supplier_E,West,Clear,Road,Food,573.0,0.482,3.1,479.0,589.0,0.3,0.489,1
Supplier_D,East,Heatwave,Road,Textile,872.0,0.986,2.3,464.0,742.0,0.206,0.587,0
Supplier_B,West,Clear,Rail,Food,726.0,0.626,1.0,229.0,585.0,0.351,0.36,0
Supplier_C,West,Flood,Rail,Pharma,128.0,0.805,8.6,412.0,133.0,0.313,0.575,1
Supplier_A,East,Flood,Road,Pharma,708.0,0.567,12.2,394.0,326.0,0.388,0.537,1
Supplier_E,Central,Rain,Road,Textile,579.0,0.873,5.2,308.0,454.0,0.068,0.401,0
Supplier_E,South,Flood,Sea,Food,525.0,0.662,8.6,277.0,481.0,0.355,0.807,1
Supplier_E,East,Clear,Road,Electronics,544.0,0.61,10.5,493.0,579.0,0.603,0.448,0
Supplier_B,North,Rain,Rail,Automotive,603.0,0.809,6.6,379.0,322.0,0.539,0.529,0
Supplier_B,West,Clear,Rail,Automotive,370.0,0.675,5.9,314.0,942.0,0.355,0.177,0
Supplier_E,South,Clear,Rail,Pharma,503.0,0.694,5.3,265.0,477.0,0.862,0.614,0
Supplier_C,West,Clear,Sea,Food,858.0,0.806,7.6,397.0,498.0,0.235,0.395,0
Supplier_D,Central,Clear,Rail,Food,367.0,0.9,8.6,586.0,352.0,0.333,0.711,0
Supplier_C,Central,Clear,Sea,Electronics,282.0,0.657,7.4,457.0,279.0,0.06,0.212,0
Supplier_C,Central,Clear,Sea,Electronics,534.0,0.631,7.3,377.0,472.0,0.269,0.595,0
Supplier_D,North,Rain,Road,Automotive,256.0,0.784,5.8,476.0,506.0,0.708,0.02,0
Supplier_E,North,Clear,Road,Automotive,102.0,0.861,1.2,666.0,481.0,0.277,0.635,0
Supplier_B,Central,Clear,Road,Automotive,460.0,0.999,8.7,508.0,864.0,0.044,0.462,0
Supplier_E,South,Heatwave,Road,Pharma,927.0,0.619,2.1,467.0,472.0,0.524,0.588,1
Supplier_B,North,Heatwave,Rail,Food,540.0,0.732,7.9,535.0,481.0,0.428,0.368,0
Supplier_C,South,Clear,Road,Textile,596.0,0.956,8.3,392.0,679.0,0.516,0.291,0
Supplier_E,Central,Clear,Road,Pharma,50.0,1.0,2.6,453.0,462.0,0.291,0.404,0
Supplier_E,South,Rain,Road,Automotive,664.0,0.631,4.2,332.0,619.0,0.149,0.542,0
Supplier_E,North,Storm,Air,Electronics,574.0,0.669,12.4,141.0,219.0,0.313,0.627,1
Supplier_B,West,Clear,Air,Electronics,377.0,0.837,5.8,482.0,220.0,0.461,0.567,0
Supplier_E,North,Storm,Sea,Textile,597.0,0.693,2.3,482.0,527.0,0.336,0.294,1
Supplier_E,South,Clear,Road,Electronics,594.0,0.666,8.4,368.0,449.0,0.428,0.904,0
Supplier_E,North,Clear,Road,Automotive,275.0,0.817,3.7,606.0,322.0,0.243,0.573,0
Supplier_A,West,Storm,Sea,Food,636.0,1.0,1.0,290.0,527.0,0.435,0.363,0
Supplier_D,East,Rain,Air,Textile,861.0,,7.6,101.0,546.0,0.349,0.593,0
Supplier_E,Central,Flood,Rail,Food,491.0,1.0,3.3,295.0,344.0,0.209,0.556,1
Supplier_D,South,Clear,Rail,Automotive,324.0,0.694,7.0,143.0,386.0,0.378,0.461,0
Supplier_B,South,Clear,Road,Textile,504.0,0.832,3.6,481.0,548.0,0.273,,0
Supplier_D,North,Clear,Sea,Textile,772.0,1.0,8.1,285.0,275.0,0.473,0.717,0
Supplier_A,South,Clear,Rail,Automotive,231.0,0.829,6.6,597.0,367.0,0.525,0.88,0
Supplier_C,East,Clear,Rail,Electronics,700.0,0.735,1.0,593.0,617.0,0.45,0.052,0
Supplier_D,North,Rain,Rail,Electronics,374.0,0.888,7.1,254.0,495.0,0.023,0.771,0
Supplier_C,East,Rain,Road,Food,613.0,0.754,5.1,275.0,395.0,0.157,0.504,0
Supplier_D,Central,Rain,Road,Automotive,403.0,0.858,10.3,516.0,301.0,0.223,0.552,0
Supplier_B,West,Clear,Air,Automotive,403.0,0.749,7.2,596.0,277.0,0.191,0.797,0
Supplier_D,West,Clear,Rail,Automotive,946.0,0.909,8.3,58.0,471.0,0.241,0.01,0
Supplier_D,Central,Rain,Road,Electronics,184.0,0.571,3.9,471.0,946.0,0.535,0.679,1
Supplier_D,West,Clear,Road,Electronics,676.0,0.628,3.6,24.0,624.0,0.49,0.782,0
Supplier_B,West,Flood,Sea,Electronics,1000.0,0.569,5.9,321.0,207.0,0.265,0.349,1
Supplier_B,Central,Clear,Road,Food,728.0,0.772,4.9,617.0,656.0,0.468,0.193,0
Supplier_B,North,Rain,Road,Automotive,204.0,0.551,10.0,962.0,333.0,0.416,0.861,1
Supplier_C,Central,Flood,Rail,Electronics,217.0,0.676,5.5,377.0,499.0,0.343,0.114,1
Supplier_C,South,Rain,Sea,Textile,355.0,0.614,2.3,196.0,370.0,0.58,0.592,1
Supplier_B,West,Rain,Air,Pharma,591.0,1.0,3.5,328.0,945.0,0.218,0.725,0
Supplier_C,Central,Rain,Sea,Automotive,609.0,0.631,8.9,432.0,250.0,0.361,0.587,1
Supplier_B,East,Clear,Road,Automotive,219.0,0.587,5.5,299.0,569.0,0.14,0.624,0
Supplier_B,North,Rain,Sea,Electronics,323.0,0.817,5.3,254.0,349.0,0.149,0.442,0
Supplier_D,South,Flood,Sea,Textile,339.0,1.0,9.2,343.0,663.0,0.078,0.602,1
Supplier_E,East,Heatwave,Rail,Textile,503.0,0.763,3.3,491.0,565.0,0.153,0.344,0
Supplier_B,Central,Clear,Rail,Textile,1066.0,0.774,1.0,390.0,776.0,0.367,0.373,0
Supplier_E,Central,Clear,Road,Electronics,307.0,0.974,3.4,261.0,658.0,0.29,0.508,0
Supplier_C,East,Storm,Road,Pharma,296.0,0.912,6.7,299.0,347.0,0.296,0.161,1
Supplier_A,Central,Rain,Road,Pharma,255.0,0.844,5.3,346.0,1142.0,0.29,0.627,0
Supplier_B,East,Clear,Road,Food,715.0,0.693,1.3,240.0,622.0,0.705,0.01,0
Supplier_A,East,Clear,Sea,Textile,539.0,0.848,9.0,293.0,379.0,0.123,0.58,0
Supplier_A,Central,Clear,Road,Automotive,317.0,0.576,6.5,536.0,545.0,0.101,0.601,0
Supplier_B,West,Clear,Rail,Automotive,456.0,0.686,7.2,379.0,639.0,0.181,0.325,0
Supplier_C,East,Clear,Road,Food,344.0,0.995,7.3,104.0,630.0,0.336,0.229,0
Supplier_D,East,Clear,Road,Textile,627.0,0.975,2.1,604.0,609.0,0.453,0.41,0
Supplier_A,West,Clear,Road,Textile,1248.0,0.846,,495.0,713.0,0.474,0.641,1
Supplier_E,West,Heatwave,Road,Textile,693.0,0.491,8.7,171.0,691.0,0.539,0.576,1
Supplier_B,East,Clear,Rail,Textile,526.0,0.599,9.4,354.0,314.0,0.328,0.255,0
Supplier_A,North,Clear,Sea,Automotive,377.0,0.678,8.2,277.0,964.0,0.271,0.523,0
Supplier_D,North,Clear,Road,Electronics,201.0,0.754,7.5,542.0,933.0,0.677,0.558,1
Supplier_D,North,Clear,Sea,Pharma,741.0,0.592,1.0,353.0,676.0,0.01,0.548,0
Supplier_D,East,Heatwave,Air,Automotive,727.0,0.743,6.0,407.0,509.0,0.363,,0
Supplier_A,West,Heatwave,Rail,Pharma,429.0,1.0,3.1,386.0,512.0,0.436,,0
Supplier_A,Central,Clear,Road,Electronics,865.0,0.84,9.8,154.0,429.0,0.725,0.702,0
Supplier_B,South,Clear,Road,Textile,555.0,,9.4,673.0,457.0,0.018,0.618,0
Supplier_C,West,Clear,Sea,Food,751.0,0.627,3.1,539.0,20.0,0.266,0.591,0
Supplier_E,West,Clear,Rail,Textile,627.0,0.534,5.9,285.0,837.0,0.078,0.861,0
Supplier_B,North,Clear,Road,Pharma,504.0,0.596,6.7,455.0,759.0,0.01,0.537,0
Supplier_A,South,Clear,Sea,Pharma,302.0,0.528,8.7,595.0,131.0,0.309,0.315,1
Supplier_E,South,Clear,Road,Pharma,512.0,0.791,1.0,430.0,696.0,0.517,0.315,0
Supplier_A,Central,Rain,Air,Pharma,769.0,0.838,1.0,700.0,498.0,0.591,0.539,0
Supplier_A,Central,Clear,Road,Food,418.0,0.635,6.1,945.0,456.0,0.244,0.184,0
Supplier_C,Central,Clear,Sea,Pharma,664.0,0.802,1.0,397.0,608.0,0.483,0.432,0
Supplier_C,East,Rain,Road,Textile,268.0,1.0,6.5,315.0,117.0,0.31,0.602,1
Supplier_D,East,Clear,Road,Pharma,753.0,1.0,7.8,242.0,498.0,0.461,0.758,0
Supplier_E,South,Clear,Air,Food,631.0,0.896,9.7,22.0,517.0,0.581,0.16,0
Supplier_E,West,Clear,Road,Textile,237.0,0.754,4.1,645.0,518.0,0.311,0.522,0
Supplier_B,North,Clear,Sea,Food,492.0,0.891,6.5,356.0,199.0,0.565,0.485,0
Supplier_E,South,Clear,Air,Electronics,792.0,0.983,8.0,578.0,598.0,0.107,0.508,0
Supplier_D,North,Storm,Road,Electronics,223.0,0.479,2.5,614.0,733.0,0.481,0.531,1
Supplier_A,East,Heatwave,Road,Food,272.0,1.0,8.7,225.0,590.0,0.557,0.493,0
Supplier_E,South,Clear,Sea,Automotive,532.0,0.698,6.8,252.0,450.0,0.536,0.806,1
Supplier_A,North,Clear,Rail,Textile,1105.0,0.7,4.2,734.0,1092.0,0.113,0.774,0
Supplier_C,South,Storm,Sea,Electronics,375.0,0.727,6.4,407.0,297.0,0.309,0.972,1
Supplier_D,Central,Rain,Road,Food,679.0,0.828,5.6,301.0,670.0,0.41,0.498,1
Supplier_B,East,Clear,Sea,Pharma,618.0,0.613,8.3,232.0,554.0,0.439,0.41,0
Supplier_B,Central,Clear,Rail,Food,397.0,0.737,4.9,395.0,943.0,0.373,0.287,0
Supplier_C,Central,Clear,Air,Food,592.0,0.859,6.7,691.0,585.0,0.636,0.386,0
Supplier_E,Central,Rain,Road,Pharma,434.0,0.813,4.1,543.0,632.0,0.091,0.657,0
Supplier_B,South,Clear,Road,Electronics,457.0,0.837,3.2,453.0,611.0,0.302,0.691,0
Supplier_D,Central,Clear,Sea,Electronics,118.0,,6.5,706.0,267.0,0.012,0.649,0
Supplier_C,Central,Clear,Sea,Food,544.0,0.884,3.3,671.0,309.0,0.474,0.354,0
Supplier_A,Central,Clear,Road,Pharma,784.0,0.938,8.4,480.0,439.0,0.461,0.355,0
Supplier_D,South,Clear,Sea,Pharma,565.0,0.929,7.8,920.0,711.0,1.0,0.93,0
Supplier_E,South,Rain,Road,Electronics,834.0,0.844,3.7,375.0,551.0,0.555,0.317,0
Supplier_C,East,Rain,Road,Electronics,701.0,0.921,6.6,618.0,455.0,0.416,0.812,1
Supplier_A,Central,Clear,Road,Electronics,535.0,0.911,3.7,349.0,802.0,0.401,0.589,0
Supplier_A,Central,Clear,Road,Pharma,387.0,1.0,1.2,583.0,64.0,0.287,0.339,0
Supplier_C,East,Flood,Road,Electronics,424.0,0.963,4.2,375.0,215.0,0.376,0.239,1
Supplier_C,North,Clear,Road,Pharma,168.0,0.767,5.8,503.0,20.0,0.405,0.348,0
Supplier_C,East,Clear,Road,Pharma,481.0,0.643,7.6,850.0,766.0,0.01,0.592,0
Supplier_B,West,Clear,Air,Pharma,588.0,0.741,6.4,591.0,479.0,0.389,0.3,0
Supplier_C,East,Storm,Sea,Electronics,996.0,0.73,8.7,506.0,713.0,0.37,0.842,1
Supplier_B,South,Storm,Air,Electronics,687.0,0.857,3.1,281.0,476.0,0.701,0.454,1
Supplier_D,South,Flood,Road,Textile,325.0,0.675,4.9,454.0,725.0,0.324,0.654,1
Supplier_D,North,Rain,Air,Automotive,176.0,0.959,10.9,239.0,472.0,0.197,0.636,0
Supplier_D,South,Clear,Road,Electronics,496.0,0.572,1.0,580.0,590.0,0.404,0.857,0
Supplier_A,West,Clear,Air,Pharma,761.0,,4.6,575.0,558.0,0.365,0.404,0
Supplier_E,South,Clear,Rail,Pharma,493.0,0.76,2.8,388.0,574.0,0.324,0.523,0
Supplier_A,Central,Rain,Road,Textile,691.0,0.654,5.4,719.0,871.0,0.094,0.192,0
Supplier_E,North,Rain,Road,Textile,503.0,0.591,4.7,694.0,143.0,0.319,0.523,1
Supplier_A,East,Clear,Sea,Automotive,736.0,0.684,7.8,447.0,485.0,0.234,0.751,0
Supplier_C,East,Flood,Sea,Electronics,135.0,0.666,6.8,522.0,544.0,0.307,0.548,1
Supplier_A,Central,Clear,Air,Food,967.0,0.782,2.1,314.0,511.0,0.496,1.0,0
Supplier_A,Central,Clear,Sea,Food,261.0,0.687,4.2,371.0,412.0,0.215,0.614,0
Supplier_D,East,Clear,Sea,Automotive,756.0,,6.0,226.0,382.0,0.306,0.381,0
Supplier_D,West,Flood,Road,Textile,479.0,0.779,8.2,334.0,837.0,0.458,0.6,1
Supplier_A,West,Heatwave,Air,Pharma,520.0,0.932,13.3,401.0,484.0,0.296,0.178,0
Supplier_E,East,Rain,Road,Food,487.0,1.0,8.1,121.0,1036.0,0.872,0.324,0
Supplier_B,North,Heatwave,Rail,Pharma,616.0,0.802,3.0,524.0,616.0,0.4,0.232,0
Supplier_B,East,Flood,Road,Pharma,669.0,0.814,5.7,604.0,436.0,0.102,0.504,1
Supplier_B,South,Flood,Sea,Pharma,825.0,0.753,6.5,419.0,622.0,0.182,0.487,1
Supplier_C,East,Flood,Air,Automotive,916.0,0.852,4.4,20.0,524.0,0.162,0.765,1
Supplier_A,West,Clear,Road,Food,636.0,0.839,7.4,374.0,795.0,0.185,0.478,0
Supplier_C,South,Storm,Road,Automotive,996.0,0.979,1.0,169.0,243.0,0.457,0.279,1
Supplier_B,South,Rain,Road,Automotive,574.0,0.497,7.7,310.0,104.0,0.129,0.843,0
Supplier_A,Central,Storm,Air,Pharma,830.0,0.745,4.6,681.0,579.0,0.284,0.01,0
Supplier_B,South,Clear,Sea,Textile,661.0,0.831,5.7,20.0,684.0,0.579,0.508,0
Supplier_D,North,Storm,Road,Electronics,407.0,0.776,10.4,273.0,563.0,0.246,0.548,0
Supplier_D,West,Heatwave,Rail,Textile,597.0,0.639,2.2,569.0,648.0,0.484,0.498,0
Supplier_B,West,Clear,Rail,Electronics,681.0,0.585,6.8,294.0,616.0,0.013,0.61,0
Supplier_B,Central,Heatwave,Road,Pharma,542.0,0.901,8.4,280.0,174.0,0.276,0.524,0
Supplier_D,West,Clear,Rail,Textile,657.0,0.666,6.5,786.0,562.0,0.173,0.61,0
Supplier_D,Central,Clear,Road,Automotive,775.0,0.517,1.2,488.0,790.0,0.41,0.368,0
Supplier_E,East,Clear,Road,Pharma,544.0,0.908,10.1,588.0,538.0,0.143,0.179,0
Supplier_E,South,Storm,Road,Textile,50.0,0.849,5.4,509.0,212.0,0.764,0.49,1
Supplier_E,Central,Rain,Sea,Electronics,986.0,0.763,4.4,449.0,427.0,0.022,0.274,0
Supplier_E,South,Clear,Road,Automotive,473.0,0.643,5.1,648.0,622.0,0.577,0.34,0
Supplier_C,South,Rain,Road,Food,336.0,0.763,4.9,763.0,895.0,0.526,0.756,1
Supplier_B,Central,Clear,Air,Pharma,258.0,,2.4,117.0,70.0,0.412,0.843,0
Supplier_B,Central,Clear,Sea,Textile,463.0,0.538,6.5,414.0,579.0,0.361,0.751,0
Supplier_B,South,Flood,Rail,Automotive,404.0,0.545,4.2,412.0,295.0,0.721,0.711,1
Supplier_D,West,Rain,Road,Electronics,358.0,0.686,8.0,343.0,612.0,0.844,0.513,1
Supplier_D,Central,Storm,Air,Electronics,373.0,0.776,7.6,597.0,629.0,0.309,0.723,1
Supplier_E,West,Rain,Road,Electronics,688.0,0.706,10.9,466.0,449.0,0.382,0.578,0
Supplier_A,North,Heatwave,Air,Food,1078.0,0.876,5.4,767.0,639.0,0.24,0.928,1
Supplier_C,West,Clear,Road,Food,763.0,0.943,3.6,618.0,751.0,0.116,0.298,0
Supplier_B,North,Clear,Road,Automotive,842.0,0.822,1.6,666.0,464.0,0.443,0.648,0
Supplier_E,Central,Clear,Road,Automotive,452.0,0.864,12.6,204.0,206.0,0.4,0.222,0
Supplier_B,North,Rain,Air,Electronics,577.0,0.821,8.0,275.0,814.0,0.028,0.649,0
Supplier_A,Central,Rain,Road,Food,661.0,0.781,3.9,290.0,682.0,0.441,0.122,0
Supplier_C,North,Storm,Road,Automotive,379.0,0.586,11.1,658.0,624.0,0.407,0.233,1
Supplier_E,East,Clear,Rail,Textile,439.0,0.626,10.1,246.0,348.0,0.23,0.218,0
Supplier_E,South,Clear,Air,Pharma,772.0,0.577,1.9,251.0,717.0,0.217,0.555,0
Supplier_A,Central,Rain,Road,Electronics,833.0,0.758,3.7,218.0,949.0,0.435,0.578,0
Supplier_B,South,Heatwave,Air,Electronics,568.0,0.815,5.6,916.0,473.0,0.672,1.0,1
Supplier_A,West,Clear,Air,Pharma,239.0,0.563,2.8,394.0,521.0,0.43,0.48,0
Supplier_B,North,Clear,Road,Food,473.0,0.791,5.7,515.0,266.0,0.506,0.67,0
Supplier_C,East,Clear,Sea,Pharma,175.0,0.649,8.1,215.0,342.0,0.184,0.535,0
Supplier_B,Central,Clear,Sea,Electronics,570.0,0.62,1.9,593.0,264.0,0.267,0.652,0
Supplier_A,Central,Clear,Road,Pharma,616.0,0.686,6.9,101.0,529.0,0.472,0.532,0
Supplier_C,South,Clear,Road,Pharma,480.0,0.612,9.5,244.0,425.0,0.078,0.742,0
Supplier_A,South,Rain,Road,Food,613.0,0.871,7.2,288.0,582.0,0.391,0.268,0
Supplier_B,East,Clear,Road,Electronics,658.0,0.755,5.8,459.0,304.0,0.449,0.01,0
Supplier_A,East,Clear,Rail,Automotive,617.0,0.902,4.0,277.0,463.0,0.342,0.592,0
Supplier_A,East,Clear,Sea,Food,238.0,0.713,8.5,694.0,290.0,0.414,0.103,0
Supplier_C,North,Heatwave,Sea,Pharma,484.0,0.719,2.5,511.0,541.0,0.362,0.789,0
Supplier_E,West,Clear,Road,Textile,657.0,1.0,6.7,296.0,141.0,0.226,0.379,0
Supplier_D,South,Clear,Road,Automotive,960.0,0.537,6.1,600.0,533.0,0.114,0.272,0
Supplier_A,South,Clear,Road,Electronics,479.0,0.973,,349.0,439.0,0.332,1.0,0
Supplier_A,Central,Rain,Rail,Electronics,693.0,1.0,4.3,314.0,540.0,0.611,0.496,0
Supplier_B,West,Flood,Road,Electronics,778.0,0.895,4.5,581.0,137.0,0.555,0.454,1
Supplier_D,South,Clear,Sea,Food,499.0,0.73,2.3,20.0,644.0,0.281,0.665,0
Supplier_D,Central,Clear,Sea,Pharma,849.0,0.994,7.3,552.0,434.0,0.277,0.679,0
Supplier_E,South,Clear,Road,Pharma,863.0,0.732,4.7,292.0,548.0,0.262,0.751,0
Supplier_B,East,Rain,Air,Food,909.0,0.674,3.4,291.0,89.0,0.262,0.207,0
Supplier_A,South,Heatwave,Rail,Food,669.0,0.722,3.7,772.0,227.0,0.408,0.618,1
Supplier_A,North,Clear,Sea,Electronics,1164.0,0.694,7.6,324.0,414.0,0.561,0.435,0
Supplier_A,East,Clear,Rail,Electronics,390.0,0.638,2.7,592.0,803.0,0.803,0.297,0
Supplier_A,East,Storm,Road,Automotive,1102.0,0.947,3.0,470.0,616.0,0.184,0.511,1
Supplier_E,Central,Storm,Rail,Textile,750.0,0.664,8.7,489.0,529.0,0.48,0.102,1
Supplier_B,South,Clear,Road,Textile,899.0,0.776,5.5,375.0,297.0,0.458,0.703,0
Supplier_E,Central,Clear,Rail,Textile,467.0,0.563,8.9,366.0,257.0,0.284,0.436,0
Supplier_C,West,Clear,Road,Food,770.0,0.785,4.9,695.0,561.0,0.145,0.395,0
Supplier_C,North,Storm,Air,Textile,921.0,0.607,6.0,587.0,654.0,0.405,0.47,1
Supplier_C,West,Rain,Sea,Textile,267.0,0.603,6.5,330.0,546.0,0.774,0.463,1
Supplier_E,East,Rain,Road,Textile,508.0,0.764,10.2,232.0,876.0,0.404,0.751,1
Supplier_A,South,Flood,Road,Electronics,50.0,0.939,9.9,315.0,350.0,0.193,0.259,1
Supplier_A,East,Clear,Air,Electronics,504.0,0.846,9.5,597.0,539.0,0.319,0.416,0
Supplier_C,South,Clear,Road,Food,338.0,0.856,4.1,632.0,128.0,0.122,0.452,0
Supplier_B,West,Clear,Rail,Food,493.0,0.761,3.0,520.0,546.0,0.354,0.266,0
Supplier_C,East,Flood,Air,Textile,1310.0,0.73,8.3,129.0,823.0,0.487,0.535,1
Supplier_D,East,Rain,Road,Pharma,997.0,0.899,10.1,556.0,271.0,0.211,0.341,0
Supplier_C,South,Clear,Sea,Textile,176.0,0.696,9.5,655.0,685.0,0.01,0.191,0
Supplier_B,South,Clear,Rail,Textile,694.0,0.905,6.0,451.0,817.0,0.405,0.616,0
Supplier_B,East,Storm,Rail,Textile,758.0,0.965,8.2,776.0,348.0,0.25,0.84,1
Supplier_D,East,Storm,Road,Electronics,462.0,0.654,8.2,182.0,603.0,0.2,0.511,1
Supplier_B,South,Rain,Road,Pharma,596.0,0.676,6.4,543.0,848.0,0.198,0.477,0
Supplier_C,East,Clear,Road,Pharma,622.0,0.698,6.6,236.0,551.0,0.43,0.473,0
Supplier_C,South,Heatwave,Sea,Automotive,200.0,0.56,6.3,611.0,673.0,0.268,0.386,0
Supplier_D,East,Storm,Sea,Automotive,282.0,0.71,3.6,530.0,110.0,0.536,0.757,1
Supplier_D,North,Rain,Sea,Food,595.0,0.975,3.9,744.0,631.0,0.54,,0
Supplier_C,East,Rain,Road,Electronics,576.0,0.623,3.9,510.0,614.0,0.296,0.021,0
Supplier_B,West,Heatwave,Rail,Food,366.0,,1.2,347.0,208.0,0.246,0.764,0
Supplier_B,Central,Heatwave,Air,Automotive,343.0,0.715,6.4,332.0,288.0,0.376,0.71,1
Supplier_C,West,Rain,Air,Food,527.0,1.0,5.9,375.0,633.0,0.321,0.632,0
Supplier_B,West,Clear,Road,Pharma,780.0,0.678,8.3,328.0,433.0,0.01,0.01,0
Supplier_D,North,Clear,Sea,Food,530.0,0.758,9.8,662.0,745.0,0.733,0.499,1
Supplier_B,South,Storm,Road,Automotive,972.0,0.643,10.0,650.0,568.0,0.493,0.697,1
Supplier_D,West,Rain,Road,Food,369.0,0.677,10.3,151.0,512.0,0.257,0.583,0
Supplier_D,Central,Clear,Sea,Textile,600.0,0.981,3.7,427.0,463.0,0.01,0.545,0
Supplier_E,East,Clear,Rail,Pharma,458.0,0.851,1.7,431.0,564.0,0.314,0.697,0
Supplier_A,Central,Heatwave,Road,Automotive,703.0,0.934,8.8,279.0,677.0,0.232,0.531,0
Supplier_D,South,Flood,Rail,Textile,347.0,0.583,10.1,499.0,617.0,0.338,0.765,1
Supplier_A,North,Heatwave,Sea,Pharma,1051.0,0.878,10.7,683.0,407.0,0.01,0.536,0
Supplier_B,North,Clear,Road,Pharma,110.0,0.634,7.5,581.0,773.0,0.256,0.518,0
Supplier_A,East,Storm,Air,Electronics,996.0,0.579,1.0,662.0,645.0,0.268,0.696,1
Supplier_A,West,Flood,Road,Pharma,573.0,0.816,7.1,291.0,585.0,0.312,0.412,1
Supplier_A,South,Clear,Road,Electronics,694.0,0.814,7.7,427.0,520.0,0.303,0.259,0
Supplier_A,West,Clear,Road,Automotive,897.0,0.788,9.8,282.0,610.0,0.36,0.501,0
Supplier_E,West,Heatwave,Rail,Electronics,773.0,0.888,10.3,463.0,97.0,0.654,0.63,1
Supplier_A,South,Clear,Road,Automotive,360.0,0.911,8.7,479.0,553.0,0.247,0.704,0
Supplier_B,South,Rain,Road,Food,706.0,1.0,4.2,593.0,861.0,0.168,0.705,0
Supplier_D,West,Rain,Rail,Textile,1036.0,0.601,2.9,656.0,548.0,0.01,0.485,0
Supplier_E,West,Rain,Rail,Pharma,319.0,1.0,7.6,544.0,518.0,0.248,0.462,0
Supplier_E,North,Clear,Air,Pharma,1101.0,1.0,3.6,265.0,369.0,0.07,,0
Supplier_A,South,Storm,Sea,Pharma,650.0,0.725,10.4,177.0,608.0,0.542,0.555,1
Supplier_E,East,Clear,Road,Food,437.0,0.53,1.0,514.0,457.0,0.331,0.139,0
Supplier_D,East,Flood,Road,Pharma,318.0,0.572,7.7,690.0,788.0,0.538,0.505,1
Supplier_A,North,Clear,Rail,Electronics,492.0,,,416.0,310.0,0.643,1.0,0
Supplier_C,Central,Rain,Rail,Textile,50.0,1.0,5.4,145.0,400.0,0.177,0.169,0
Supplier_E,South,Storm,Road,Automotive,442.0,0.783,3.2,795.0,368.0,0.281,0.535,1
Supplier_B,South,Clear,Road,Electronics,482.0,0.687,1.0,508.0,904.0,0.616,0.583,0
Supplier_A,North,Clear,Road,Automotive,271.0,0.677,4.4,451.0,458.0,0.388,0.611,0
Supplier_E,Central,Storm,Road,Pharma,744.0,0.582,4.5,210.0,379.0,0.454,0.287,1
Supplier_E,South,Clear,Sea,Electronics,493.0,0.911,9.3,423.0,40.0,0.557,0.613,0
Supplier_E,Central,Clear,Rail,Food,385.0,0.766,3.7,544.0,299.0,0.529,0.382,0
Supplier_E,East,Clear,Road,Automotive,465.0,1.0,7.4,511.0,616.0,0.432,0.186,0
Supplier_E,Central,Heatwave,Rail,Electronics,642.0,0.874,2.1,298.0,615.0,0.629,0.709,1
Supplier_C,North,Rain,Air,Pharma,569.0,0.904,7.4,410.0,357.0,0.336,0.646,0
Supplier_A,North,Clear,Road,Textile,368.0,0.744,1.0,309.0,369.0,0.454,0.287,0
Supplier_D,Central,Heatwave,Road,Pharma,583.0,0.616,12.3,720.0,909.0,0.315,0.38,1
Supplier_B,Central,Clear,Air,Electronics,537.0,,5.6,581.0,1093.0,0.554,0.372,0
Supplier_C,East,Clear,Road,Food,254.0,0.575,1.0,326.0,753.0,0.21,0.138,0
Supplier_D,North,Clear,Rail,Automotive,475.0,0.917,3.8,210.0,843.0,0.013,0.668,0
Supplier_E,Central,Clear,Rail,Textile,701.0,0.722,3.4,470.0,890.0,0.481,0.676,0
Supplier_B,South,Clear,Air,Automotive,699.0,0.923,4.0,331.0,987.0,0.146,0.427,0
Supplier_B,Central,Rain,Sea,Electronics,490.0,0.8,4.9,345.0,434.0,0.126,0.494,1
Supplier_D,Central,Clear,Air,Textile,726.0,0.736,4.0,216.0,307.0,0.603,0.525,0
Supplier_A,Central,Rain,Rail,Automotive,295.0,0.605,3.6,238.0,903.0,0.543,0.554,0
Supplier_C,West,Clear,Road,Automotive,303.0,,2.5,449.0,288.0,0.281,0.204,0
Supplier_D,West,Clear,Rail,Textile,485.0,0.747,8.5,372.0,274.0,0.01,0.607,0
Supplier_C,East,Clear,Sea,Automotive,939.0,0.915,9.6,869.0,279.0,0.457,0.241,0
Supplier_B,North,Rain,Sea,Pharma,592.0,0.673,5.2,527.0,471.0,0.483,0.65,1
Supplier_E,South,Storm,Sea,Food,478.0,0.872,5.9,213.0,63.0,0.453,0.266,1
Supplier_B,West,Clear,Road,Food,951.0,1.0,2.6,144.0,185.0,0.444,0.214,0
Supplier_D,Central,Clear,Air,Food,475.0,0.821,6.2,492.0,363.0,0.314,0.494,0
Supplier_C,East,Clear,Sea,Automotive,1131.0,0.898,6.7,349.0,237.0,0.268,0.489,0
Supplier_A,West,Storm,Air,Automotive,417.0,0.866,5.3,660.0,734.0,0.129,0.523,0
Supplier_C,North,Clear,Air,Electronics,287.0,,7.2,471.0,501.0,0.211,0.304,0
Supplier_A,East,Storm,Rail,Food,507.0,0.836,6.9,63.0,627.0,0.414,0.545,1
Supplier_E,East,Clear,Rail,Electronics,485.0,0.885,2.8,237.0,603.0,0.418,0.565,0
Supplier_D,Central,Clear,Road,Food,340.0,0.775,9.6,298.0,455.0,0.508,0.756,0
Supplier_B,South,Storm,Road,Food,1227.0,0.664,5.4,500.0,717.0,0.069,0.541,1
Supplier_C,South,Clear,Sea,Pharma,633.0,0.599,11.0,231.0,599.0,0.018,0.368,0
Supplier_D,South,Clear,Sea,Textile,671.0,0.97,7.3,448.0,430.0,0.274,,0
Supplier_B,North,Heatwave,Sea,Pharma,430.0,0.629,11.9,179.0,130.0,0.146,0.163,1
Supplier_B,East,Clear,Road,Electronics,400.0,0.892,9.5,421.0,615.0,0.387,0.571,0
Supplier_C,West,Clear,Road,Pharma,817.0,0.842,6.7,487.0,223.0,0.088,0.675,0
Supplier_B,Central,Clear,Road,Automotive,114.0,0.918,3.8,683.0,584.0,0.586,0.304,0
Supplier_D,Central,Rain,Sea,Electronics,253.0,0.703,3.9,464.0,517.0,0.186,0.556,0
Supplier_A,North,Storm,Air,Food,486.0,0.661,7.6,273.0,201.0,0.669,0.462,1
Supplier_E,South,Clear,Sea,Food,901.0,0.837,6.4,689.0,557.0,0.455,0.658,0
Supplier_B,South,Heatwave,Road,Textile,453.0,0.736,4.2,387.0,542.0,0.139,0.691,0
Supplier_C,South,Rain,Rail,Electronics,658.0,0.595,8.5,559.0,543.0,0.769,0.01,0
Supplier_A,Central,Heatwave,Air,Electronics,557.0,1.0,6.1,310.0,532.0,0.403,0.727,0
Supplier_B,North,Storm,Road,Food,887.0,0.661,8.5,436.0,356.0,0.383,0.555,1
Supplier_D,North,Heatwave,Sea,Electronics,138.0,0.631,3.1,276.0,630.0,0.337,0.383,0
Supplier_B,Central,Rain,Rail,Automotive,741.0,0.744,9.0,478.0,349.0,0.443,0.389,0
Supplier_A,Central,Clear,Road,Pharma,498.0,0.968,7.5,565.0,264.0,0.455,0.507,0
Supplier_C,South,Clear,Road,Food,790.0,0.455,9.6,331.0,648.0,0.177,0.389,0
Supplier_A,South,Rain,Sea,Electronics,337.0,0.955,8.9,321.0,706.0,0.307,0.294,0
Supplier_B,East,Clear,Rail,Automotive,556.0,,5.7,484.0,633.0,0.373,0.344,0
Supplier_C,East,Storm,Air,Food,523.0,0.82,5.5,271.0,454.0,0.467,0.271,0
Supplier_C,Central,Clear,Air,Electronics,289.0,0.679,11.3,147.0,73.0,0.47,0.796,0
Supplier_D,East,Flood,Road,Pharma,217.0,1.0,5.1,484.0,826.0,0.383,0.512,1
Supplier_D,North,Clear,Air,Electronics,399.0,0.799,8.2,401.0,70.0,0.24,,0
Supplier_E,East,Heatwave,Sea,Electronics,584.0,0.674,4.9,397.0,629.0,0.23,0.582,0
Supplier_A,East,Clear,Road,Automotive,353.0,0.735,1.0,514.0,964.0,0.112,0.63,0
Supplier_B,East,Clear,Air,Food,464.0,0.793,2.3,539.0,533.0,0.469,0.266,0
Supplier_A,East,Storm,Road,Textile,60.0,0.807,7.2,391.0,564.0,0.227,0.452,1
Supplier_A,Central,Storm,Road,Pharma,454.0,0.846,8.1,218.0,583.0,0.312,0.516,1
Supplier_B,Central,Storm,Road,Automotive,816.0,0.78,7.2,305.0,544.0,0.398,0.36,1
Supplier_C,South,Heatwave,Sea,Automotive,733.0,0.573,9.4,525.0,1017.0,0.351,0.398,1
Supplier_E,South,Clear,Road,Automotive,527.0,0.729,7.2,445.0,315.0,0.349,0.592,0
Supplier_D,West,Flood,Road,Textile,613.0,0.871,3.7,321.0,287.0,0.169,0.597,1
Supplier_D,East,Clear,Air,Automotive,335.0,0.68,7.8,279.0,428.0,0.404,0.206,0
Supplier_D,East,Rain,Road,Automotive,972.0,0.881,6.5,531.0,883.0,0.287,0.562,0
Supplier_A,North,Clear,Air,Automotive,1088.0,0.785,4.3,380.0,373.0,0.333,0.622,0
Supplier_E,South,Clear,Sea,Food,593.0,0.747,7.4,555.0,595.0,0.582,0.37,0
Supplier_E,West,Rain,Road,Automotive,1224.0,0.959,6.2,578.0,736.0,0.451,0.348,0
Supplier_A,Central,Storm,Road,Textile,373.0,0.519,4.2,364.0,671.0,0.236,0.597,1
Supplier_C,West,Clear,Sea,Automotive,225.0,0.679,,591.0,724.0,0.32,0.01,0
Supplier_E,South,Heatwave,Road,Automotive,365.0,0.965,10.2,445.0,812.0,0.67,0.5,0
Supplier_C,North,Rain,Road,Electronics,493.0,1.0,10.1,468.0,568.0,0.289,0.86,0
Supplier_E,North,Clear,Sea,Food,1151.0,1.0,6.6,26.0,399.0,0.358,0.01,0
Supplier_E,South,Rain,Sea,Electronics,477.0,0.788,6.2,245.0,532.0,0.483,0.681,0
Supplier_C,East,Clear,Air,Electronics,326.0,0.849,1.7,255.0,425.0,0.393,0.62,0
Supplier_A,Central,Clear,Rail,Pharma,316.0,0.903,11.2,363.0,1055.0,0.275,0.184,0
Supplier_B,Central,Rain,Sea,Food,846.0,0.971,9.1,441.0,383.0,0.201,0.615,0
Supplier_B,North,Clear,Air,Food,809.0,0.827,8.3,448.0,606.0,0.348,0.72,0
Supplier_C,West,Clear,Air,Textile,424.0,0.919,1.0,471.0,170.0,0.482,0.241,0
Supplier_C,South,Storm,Sea,Automotive,62.0,0.849,6.1,297.0,529.0,0.614,0.344,1
Supplier_C,North,Clear,Air,Food,257.0,0.858,5.6,544.0,437.0,0.057,0.506,0
Supplier_A,East,Storm,Rail,Pharma,998.0,0.642,8.0,746.0,649.0,0.703,0.715,1
Supplier_B,North,Storm,Road,Automotive,729.0,0.731,4.6,356.0,654.0,0.292,0.381,1
Supplier_D,South,Clear,Rail,Pharma,567.0,0.702,5.3,301.0,812.0,0.535,0.491,0
Supplier_A,East,Rain,Rail,Textile,1036.0,0.602,7.9,297.0,794.0,0.202,0.354,1
Supplier_B,South,Clear,Road,Automotive,1059.0,0.532,3.7,435.0,485.0,0.028,0.505,0
Supplier_E,East,Rain,Road,Automotive,541.0,0.716,4.3,325.0,292.0,0.087,0.73,0
Supplier_A,East,Clear,Sea,Pharma,545.0,,6.6,109.0,318.0,0.284,0.523,0
Supplier_C,West,Heatwave,Road,Automotive,399.0,0.796,10.0,158.0,567.0,0.455,0.421,1
Supplier_B,North,Clear,Road,Textile,476.0,0.863,8.4,604.0,535.0,0.356,0.493,0
Supplier_A,North,Rain,Road,Electronics,164.0,0.808,9.2,651.0,557.0,0.3,0.324,0
Supplier_C,East,Clear,Road,Electronics,162.0,0.741,6.2,708.0,382.0,0.574,0.281,0
Supplier_C,South,Clear,Air,Food,102.0,0.643,10.5,461.0,816.0,0.35,0.765,0
Supplier_A,West,Clear,Road,Pharma,832.0,0.912,1.0,242.0,176.0,0.406,0.86,0
Supplier_A,North,Rain,Road,Automotive,144.0,0.765,12.1,341.0,370.0,0.972,0.106,1
Supplier_A,East,Heatwave,Sea,Food,1057.0,0.715,12.5,152.0,263.0,0.348,0.628,1
Supplier_D,Central,Clear,Road,Textile,360.0,0.752,7.4,145.0,454.0,0.211,0.689,0
Supplier_E,North,Clear,Road,Pharma,1002.0,0.67,8.5,466.0,774.0,0.446,0.233,0
Supplier_A,South,Clear,Sea,Pharma,455.0,0.7,5.9,517.0,437.0,0.497,0.396,0
Supplier_B,Central,Clear,Rail,Electronics,143.0,0.696,5.4,773.0,522.0,0.41,0.373,0
Supplier_B,East,Flood,Air,Pharma,884.0,0.737,4.2,405.0,646.0,0.381,0.918,1
Supplier_B,North,Heatwave,Sea,Pharma,914.0,0.878,5.9,176.0,426.0,0.646,0.864,1
Supplier_B,South,Flood,Sea,Automotive,314.0,0.841,7.7,398.0,584.0,0.621,0.297,1
Supplier_A,West,Clear,Road,Pharma,464.0,1.0,7.3,369.0,555.0,0.327,0.179,0
Supplier_C,Central,Clear,Air,Pharma,314.0,0.962,12.0,332.0,251.0,0.221,0.67,0
Supplier_B,South,Storm,Air,Pharma,519.0,1.0,6.3,482.0,398.0,0.436,0.62,0
Supplier_B,East,Clear,Road,Food,578.0,0.864,1.5,201.0,578.0,0.22,0.774,0
Supplier_B,West,Rain,Sea,Automotive,459.0,0.861,10.9,444.0,782.0,0.527,0.267,1
Supplier_E,North,Clear,Road,Textile,77.0,0.707,2.3,537.0,782.0,0.435,0.659,0
Supplier_D,South,Clear,Sea,Electronics,399.0,0.904,4.3,676.0,961.0,0.884,0.339,0
Supplier_C,West,Flood,Rail,Textile,733.0,0.682,6.8,476.0,607.0,0.645,0.637,1
Supplier_B,North,Clear,Rail,Pharma,496.0,0.559,7.3,608.0,409.0,0.134,0.492,0
Supplier_E,West,Heatwave,Road,Textile,465.0,1.0,1.7,340.0,486.0,0.246,0.918,0
Supplier_E,East,Clear,Sea,Electronics,308.0,0.593,3.8,365.0,475.0,0.01,0.598,0
Supplier_A,Central,Clear,Rail,Automotive,391.0,0.846,1.6,663.0,410.0,0.01,0.431,0
Supplier_E,North,Clear,Road,Textile,916.0,0.648,7.9,173.0,584.0,0.373,0.53,0
Supplier_D,Central,Clear,Road,Electronics,254.0,0.949,9.6,347.0,594.0,0.112,0.478,0
Supplier_A,South,Rain,Air,Automotive,737.0,0.969,2.3,623.0,242.0,0.678,0.246,0
Supplier_D,North,Clear,Road,Electronics,562.0,0.859,9.0,382.0,739.0,0.582,0.923,0
Supplier_A,West,Rain,Rail,Textile,614.0,0.967,8.8,369.0,96.0,0.296,0.852,0
Supplier_A,East,Flood,Air,Automotive,360.0,0.781,4.0,372.0,451.0,0.284,0.461,1
Supplier_A,Central,Clear,Road,Textile,459.0,1.0,1.0,441.0,753.0,0.647,,0
Supplier_C,North,Clear,Rail,Textile,549.0,0.892,2.8,615.0,634.0,0.693,0.951,0
Supplier_D,North,Clear,Road,Pharma,415.0,0.645,4.2,586.0,421.0,0.163,0.772,0
Supplier_C,East,Storm,Sea,Food,636.0,0.79,10.6,422.0,933.0,0.138,0.432,1
Supplier_A,Central,Rain,Sea,Automotive,669.0,0.757,5.6,617.0,403.0,0.29,0.481,0
Supplier_A,East,Clear,Road,Electronics,1115.0,0.742,3.0,482.0,60.0,0.436,0.122,0
Supplier_E,West,Rain,Rail,Pharma,622.0,0.531,6.4,575.0,600.0,0.247,0.67,0
Supplier_E,Central,Clear,Rail,Electronics,53.0,0.838,2.1,235.0,109.0,0.44,0.773,0
Supplier_D,Central,Clear,Sea,Textile,852.0,0.572,7.5,733.0,317.0,0.74,0.775,1
Supplier_A,East,Clear,Road,Pharma,497.0,0.401,3.1,460.0,637.0,0.069,0.654,0
Supplier_E,West,Heatwave,Rail,Food,1073.0,0.728,3.5,20.0,399.0,0.261,0.578,0
Supplier_D,East,Clear,Sea,Food,932.0,0.667,,719.0,628.0,0.073,0.28,0
Supplier_C,West,Clear,Road,Pharma,419.0,0.651,11.3,421.0,245.0,0.183,0.57,0
Supplier_A,East,Clear,Rail,Automotive,738.0,0.315,12.6,349.0,689.0,0.291,0.361,0
Supplier_E,East,Rain,Road,Textile,396.0,0.652,2.9,311.0,128.0,0.205,0.616,0
Supplier_C,East,Clear,Rail,Food,551.0,0.754,4.2,499.0,790.0,0.454,0.332,0
Supplier_A,West,Clear,Road,Textile,726.0,0.685,7.5,260.0,395.0,0.38,0.614,0
Supplier_B,West,Clear,Sea,Electronics,839.0,0.838,9.5,316.0,837.0,0.41,0.791,0
Supplier_C,Central,Rain,Road,Textile,783.0,0.989,1.0,320.0,315.0,0.289,0.583,0
Supplier_A,West,Clear,Road,Electronics,569.0,0.857,6.3,367.0,923.0,0.307,0.572,0
Supplier_B,North,Heatwave,Sea,Electronics,1196.0,0.934,4.5,327.0,289.0,0.28,0.701,1
Supplier_C,East,Clear,Sea,Electronics,455.0,0.946,1.0,574.0,105.0,0.3,0.889,0
Supplier_E,South,Clear,Air,Pharma,132.0,0.627,2.0,469.0,509.0,0.434,0.476,0
Supplier_A,North,Heatwave,Air,Textile,182.0,0.846,4.3,491.0,771.0,0.01,0.615,0
Supplier_C,North,Storm,Road,Pharma,933.0,0.929,6.2,530.0,674.0,0.408,0.832,1
Supplier_E,East,Clear,Rail,Automotive,530.0,0.715,9.0,403.0,756.0,0.176,0.647,0
Supplier_E,Central,Flood,Road,Food,591.0,0.661,7.1,236.0,678.0,0.282,0.059,1
Supplier_E,East,Rain,Road,Electronics,409.0,0.86,8.8,745.0,320.0,0.038,0.343,0
Supplier_A,East,Clear,Sea,Food,432.0,0.558,6.1,587.0,669.0,0.278,0.665,0
Supplier_E,North,Flood,Air,Pharma,345.0,0.617,3.9,710.0,520.0,0.406,0.412,1
Supplier_E,West,Storm,Road,Pharma,672.0,0.68,5.4,606.0,344.0,0.441,0.817,1
Supplier_B,North,Clear,Road,Food,525.0,0.848,8.1,337.0,539.0,0.113,0.909,0
Supplier_C,Central,Rain,Sea,Automotive,663.0,0.813,9.1,20.0,488.0,0.432,0.37,0
Supplier_C,Central,Clear,Road,Food,638.0,0.935,5.6,199.0,812.0,0.578,0.273,0
Supplier_C,Central,Clear,Road,Pharma,439.0,0.642,3.2,535.0,387.0,0.251,0.421,0
Supplier_B,South,Heatwave,Road,Automotive,171.0,0.634,,402.0,376.0,0.35,0.408,1
Supplier_E,North,Rain,Road,Automotive,148.0,0.859,7.4,344.0,346.0,0.01,0.838,0
Supplier_E,South,Rain,Road,Pharma,1337.0,0.66,9.7,20.0,917.0,0.171,0.272,1
Supplier_B,West,Rain,Sea,Textile,934.0,0.689,4.0,418.0,359.0,0.404,0.663,1
Supplier_E,South,Rain,Road,Textile,898.0,0.501,4.0,225.0,785.0,0.541,0.805,1
Supplier_B,Central,Clear,Rail,Automotive,375.0,0.824,8.3,290.0,273.0,0.23,0.68,0
Supplier_D,North,Heatwave,Air,Pharma,552.0,1.0,4.8,573.0,611.0,0.884,0.596,0
Supplier_C,North,Rain,Rail,Pharma,338.0,0.626,4.7,235.0,558.0,0.413,0.464,0
Supplier_C,South,Rain,Air,Food,209.0,0.933,9.8,252.0,771.0,0.095,0.907,0
Supplier_A,West,Clear,Air,Electronics,397.0,0.771,1.9,453.0,739.0,0.607,0.446,0
Supplier_D,West,Clear,Rail,Pharma,895.0,0.515,12.2,577.0,518.0,0.099,0.709,0
Supplier_B,South,Clear,Rail,Electronics,769.0,0.646,4.2,348.0,382.0,0.416,0.465,0
Supplier_B,West,Clear,Air,Electronics,298.0,0.637,8.6,684.0,857.0,0.164,0.095,0
Supplier_A,West,Clear,Air,Automotive,468.0,0.733,5.7,190.0,360.0,0.079,0.441,0
Supplier_E,East,Rain,Air,Electronics,745.0,0.843,6.8,158.0,20.0,0.542,0.466,0
Supplier_A,East,Flood,Road,Food,402.0,,5.2,143.0,91.0,0.298,0.468,1
Supplier_D,North,Clear,Air,Food,571.0,0.565,8.6,123.0,145.0,0.695,0.355,0
Supplier_E,South,Clear,Air,Electronics,654.0,0.707,5.0,481.0,631.0,0.146,0.638,0
Supplier_A,East,Rain,Road,Textile,652.0,0.646,4.3,244.0,987.0,0.038,0.662,0
Supplier_C,North,Clear,Sea,Textile,616.0,0.59,11.4,166.0,51.0,0.254,0.433,0
Supplier_C,East,Heatwave,Road,Automotive,380.0,0.794,6.1,488.0,328.0,0.928,0.431,1
Supplier_B,North,Clear,Road,Automotive,407.0,0.78,4.0,568.0,520.0,0.517,0.269,0
Supplier_D,West,Clear,Sea,Pharma,255.0,0.508,1.5,609.0,840.0,0.461,0.556,0
Supplier_C,North,Clear,Road,Textile,144.0,0.783,11.6,578.0,327.0,0.467,0.803,0
Supplier_C,North,Heatwave,Road,Automotive,520.0,0.599,4.3,255.0,630.0,0.253,0.803,1
Supplier_C,West,Clear,Road,Food,762.0,0.782,12.2,470.0,445.0,0.896,0.368,0
Supplier_E,South,Rain,Sea,Automotive,191.0,0.97,7.2,509.0,1074.0,0.442,0.938,0
Supplier_D,South,Clear,Rail,Textile,621.0,0.849,,335.0,532.0,0.423,0.42,0
Supplier_B,South,Clear,Air,Automotive,754.0,0.807,6.5,450.0,578.0,0.547,0.276,0
Supplier_E,South,Flood,Air,Electronics,72.0,0.701,12.6,195.0,519.0,0.095,0.2,1
Supplier_E,West,Clear,Rail,Pharma,480.0,0.79,1.0,307.0,409.0,0.174,0.263,0
Supplier_E,West,Clear,Sea,Electronics,978.0,0.864,6.6,487.0,709.0,0.301,0.573,0
Supplier_D,South,Rain,Sea,Pharma,694.0,0.85,5.2,691.0,245.0,0.548,0.443,0
Supplier_B,West,Flood,Road,Textile,64.0,0.765,5.4,627.0,60.0,0.09,0.361,1
Supplier_D,West,Clear,Sea,Electronics,721.0,0.813,6.4,539.0,467.0,0.337,0.314,0
Supplier_B,East,Clear,Rail,Textile,356.0,0.583,5.2,434.0,679.0,0.308,0.261,0
Supplier_B,East,Heatwave,Road,Pharma,730.0,0.67,6.6,406.0,372.0,0.035,0.304,0
Supplier_C,Central,Rain,Road,Food,371.0,0.886,5.9,159.0,541.0,0.248,0.723,0
Supplier_E,East,Flood,Rail,Food,536.0,0.906,2.1,270.0,231.0,0.458,0.897,1
Supplier_C,South,Storm,Road,Electronics,410.0,0.794,7.1,275.0,734.0,0.053,0.91,1
Supplier_B,East,Rain,Rail,Electronics,551.0,1.0,8.1,523.0,643.0,0.632,0.651,1
Supplier_C,Central,Clear,Road,Pharma,403.0,0.856,4.4,590.0,504.0,0.444,0.392,0
Supplier_B,West,Clear,Rail,Electronics,492.0,0.745,11.6,553.0,537.0,0.419,0.353,0
Supplier_D,North,Storm,Road,Automotive,244.0,0.597,10.0,633.0,193.0,0.352,0.666,1
Supplier_B,East,Storm,Sea,Food,678.0,0.996,8.5,433.0,203.0,0.132,0.446,1
Supplier_C,West,Heatwave,Road,Textile,596.0,0.896,8.5,243.0,473.0,0.22,0.591,0
Supplier_B,South,Rain,Road,Textile,130.0,1.0,6.1,411.0,613.0,0.422,0.925,0
Supplier_B,Central,Clear,Road,Pharma,808.0,1.0,9.4,290.0,624.0,0.22,0.548,0
Supplier_E,Central,Rain,Rail,Textile,504.0,0.587,10.7,538.0,420.0,0.388,1.0,1
Supplier_B,Central,Rain,Rail,Electronics,592.0,0.587,8.4,355.0,664.0,0.17,0.252,0
Supplier_A,North,Clear,Rail,Food,749.0,0.351,4.3,402.0,813.0,0.44,0.598,0
Supplier_B,East,Storm,Road,Automotive,635.0,0.918,5.9,545.0,480.0,0.455,0.569,1
Supplier_C,East,Rain,Sea,Food,853.0,,7.7,287.0,568.0,0.024,0.284,0
Supplier_A,West,Clear,Rail,Automotive,474.0,0.795,8.5,594.0,454.0,0.363,0.676,0
Supplier_B,Central,Rain,Road,Textile,819.0,0.596,5.8,177.0,472.0,0.046,0.837,0
Supplier_A,South,Rain,Air,Food,582.0,0.767,4.3,475.0,537.0,0.01,0.985,0
Supplier_C,East,Heatwave,Air,Pharma,682.0,0.808,10.8,404.0,875.0,0.231,0.59,0
Supplier_D,West,Clear,Rail,Food,655.0,0.897,2.8,569.0,701.0,0.909,0.082,0
Supplier_E,West,Rain,Road,Textile,873.0,0.821,3.2,173.0,682.0,0.505,0.605,0
Supplier_B,West,Clear,Road,Textile,738.0,0.88,2.0,144.0,400.0,0.628,0.663,0
Supplier_E,South,Rain,Rail,Textile,435.0,0.761,3.2,555.0,302.0,0.472,0.448,0
Supplier_B,Central,Clear,Road,Pharma,383.0,0.957,,350.0,586.0,0.391,0.547,0
Supplier_D,North,Flood,Road,Pharma,537.0,0.875,9.8,404.0,774.0,0.529,0.394,1
Supplier_C,East,Heatwave,Sea,Food,352.0,0.602,5.8,301.0,879.0,0.222,0.471,0
Supplier_D,West,Rain,Air,Food,276.0,0.988,7.5,584.0,20.0,0.444,0.724,0
Supplier_D,North,Rain,Road,Automotive,50.0,0.964,6.0,474.0,1038.0,0.585,0.806,0
Supplier_C,East,Clear,Road,Textile,147.0,0.85,2.4,463.0,592.0,0.49,0.22,0
Supplier_B,East,Rain,Air,Food,1066.0,0.822,12.7,209.0,700.0,0.599,0.388,0
Supplier_C,West,Clear,Road,Pharma,379.0,1.0,10.1,510.0,117.0,0.387,0.151,0
Supplier_E,North,Storm,Road,Textile,1045.0,0.535,7.1,241.0,448.0,0.688,0.904,1
Supplier_E,South,Clear,Road,Food,655.0,0.966,3.4,301.0,681.0,0.308,0.692,0
Supplier_E,South,Storm,Air,Automotive,537.0,0.709,5.3,174.0,242.0,0.774,0.06,1
Supplier_A,West,Clear,Rail,Electronics,160.0,0.944,3.9,392.0,20.0,0.465,0.486,0
Supplier_C,South,Rain,Road,Food,551.0,0.798,6.3,612.0,574.0,0.273,0.438,1
Supplier_A,East,Rain,Road,Food,1042.0,0.594,6.9,461.0,489.0,0.114,0.334,0
Supplier_D,West,Clear,Rail,Electronics,955.0,0.706,5.0,340.0,817.0,0.188,0.728,0
Supplier_E,West,Clear,Rail,Pharma,621.0,0.933,1.6,440.0,465.0,0.158,0.723,0
Supplier_A,North,Flood,Air,Automotive,251.0,0.748,,439.0,481.0,0.332,0.559,1
Supplier_D,Central,Rain,Road,Electronics,301.0,0.687,6.7,432.0,653.0,0.095,0.359,0
Supplier_E,North,Clear,Air,Electronics,328.0,0.686,7.4,452.0,727.0,0.609,0.361,0
Supplier_E,North,Clear,Sea,Electronics,882.0,0.876,4.7,233.0,344.0,0.372,0.51,0
Supplier_B,North,Clear,Rail,Electronics,974.0,1.0,1.3,439.0,708.0,0.364,0.399,0
Supplier_A,South,Rain,Road,Food,601.0,0.459,5.8,104.0,385.0,0.117,0.499,0
Supplier_E,Central,Rain,Air,Food,471.0,1.0,5.0,524.0,504.0,0.196,0.623,0
Supplier_E,South,Clear,Road,Automotive,953.0,0.811,8.1,222.0,648.0,0.01,0.163,0
Supplier_C,West,Rain,Road,Food,296.0,0.867,8.7,632.0,686.0,0.674,0.333,0
Supplier_E,East,Storm,Road,Food,563.0,0.715,8.3,20.0,570.0,0.066,0.493,1
Supplier_A,North,Storm,Sea,Textile,670.0,0.779,9.0,721.0,262.0,0.082,0.844,1
Supplier_D,East,Clear,Road,Pharma,326.0,0.809,11.4,125.0,89.0,0.633,0.686,0
Supplier_A,North,Clear,Sea,Automotive,385.0,0.623,7.2,204.0,459.0,0.428,0.499,1
Supplier_E,East,Clear,Rail,Electronics,364.0,0.659,9.3,474.0,714.0,0.374,0.589,0
Supplier_D,East,Clear,Rail,Textile,918.0,0.958,7.5,531.0,599.0,0.418,0.478,0
Supplier_E,East,Clear,Road,Pharma,1048.0,0.547,1.0,369.0,553.0,0.541,0.737,0
Supplier_C,South,Clear,Rail,Pharma,580.0,0.846,5.5,581.0,498.0,0.37,0.595,0
Supplier_A,West,Clear,Road,Electronics,480.0,0.724,3.4,277.0,568.0,0.041,0.781,0
Supplier_A,East,Rain,Rail,Food,394.0,0.636,6.7,348.0,281.0,0.497,0.202,0
Supplier_B,South,Clear,Road,Pharma,550.0,1.0,3.6,366.0,672.0,0.434,0.323,0
Supplier_D,East,Storm,Road,Textile,407.0,0.637,7.8,323.0,686.0,0.584,0.56,1
Supplier_A,North,Clear,Rail,Electronics,525.0,0.61,8.9,72.0,422.0,0.1,0.609,0
Supplier_E,Central,Rain,Road,Food,657.0,0.752,9.6,416.0,596.0,0.204,1.0,1
Supplier_B,West,Clear,Road,Textile,445.0,0.665,10.9,399.0,122.0,0.428,0.102,0
Supplier_C,South,Storm,Sea,Textile,501.0,0.781,1.0,614.0,540.0,0.161,0.493,0
Supplier_B,West,Storm,Road,Automotive,502.0,0.803,2.4,189.0,471.0,0.01,0.483,0
Supplier_C,West,Clear,Road,Food,467.0,0.815,14.8,305.0,777.0,0.389,0.552,0
Supplier_C,West,Rain,Road,Textile,435.0,0.761,9.0,637.0,456.0,0.529,0.881,1
Supplier_A,North,Clear,Road,Pharma,748.0,0.675,6.7,473.0,691.0,0.324,0.693,0
Supplier_C,Central,Rain,Air,Textile,90.0,0.877,6.1,519.0,414.0,0.46,0.147,0
Supplier_D,Central,Clear,Road,Food,959.0,0.763,5.8,502.0,20.0,0.431,0.837,0
Supplier_E,Central,Clear,Rail,Pharma,585.0,0.706,1.0,502.0,450.0,0.352,0.831,0
Supplier_B,Central,Clear,Rail,Pharma,709.0,1.0,3.7,748.0,543.0,0.377,,0
Supplier_E,Central,Flood,Road,Food,739.0,0.762,5.7,436.0,533.0,0.62,0.144,1
Supplier_E,West,Clear,Sea,Electronics,366.0,0.944,3.9,238.0,537.0,0.157,0.467,0
Supplier_E,North,Rain,Sea,Automotive,312.0,0.964,4.2,535.0,389.0,0.505,0.603,0
Supplier_B,East,Clear,Road,Pharma,282.0,0.973,13.7,318.0,429.0,0.114,0.719,0
Supplier_E,South,Clear,Road,Pharma,486.0,0.884,5.2,400.0,252.0,0.191,0.111,0
Supplier_C,South,Clear,Road,Electronics,732.0,0.78,6.8,487.0,61.0,0.589,0.331,0
Supplier_A,Central,Heatwave,Road,Food,398.0,0.77,6.7,272.0,477.0,0.108,0.742,0
Supplier_B,Central,Storm,Rail,Pharma,708.0,0.743,7.8,328.0,336.0,0.302,0.83,1
Supplier_D,East,Clear,Rail,Electronics,50.0,0.455,4.6,506.0,738.0,0.822,0.595,1
Supplier_A,West,Storm,Road,Textile,450.0,0.888,9.7,321.0,20.0,0.555,0.753,1
Supplier_C,North,Clear,Road,Automotive,853.0,0.817,7.3,595.0,564.0,0.203,0.6,0
Supplier_D,South,Clear,Road,Pharma,506.0,0.904,2.1,242.0,967.0,0.237,0.712,0
Supplier_A,Central,Rain,Sea,Electronics,334.0,0.762,5.7,242.0,460.0,0.316,0.532,0
Supplier_C,East,Clear,Sea,Textile,379.0,0.88,5.5,763.0,499.0,0.612,0.606,0
Supplier_B,East,Clear,Road,Automotive,50.0,0.573,5.3,145.0,594.0,0.15,0.231,0
Supplier_C,East,Rain,Air,Food,287.0,0.605,7.5,415.0,611.0,0.138,0.659,0
Supplier_B,South,Clear,Rail,Automotive,825.0,0.409,7.9,753.0,410.0,0.493,0.224,0
Supplier_E,Central,Flood,Air,Electronics,399.0,0.76,7.5,415.0,278.0,0.014,0.659,1
Supplier_A,West,Rain,Rail,Food,429.0,0.664,7.0,662.0,644.0,0.168,0.403,0
Supplier_E,West,Flood,Sea,Electronics,50.0,0.644,6.3,537.0,80.0,0.333,0.581,1
Supplier_D,South,Rain,Road,Automotive,126.0,0.83,1.0,419.0,683.0,0.343,0.29,0
Supplier_E,West,Flood,Road,Textile,859.0,0.716,8.3,396.0,414.0,0.077,0.389,1
Supplier_E,Central,Clear,Sea,Food,710.0,0.565,7.5,39.0,501.0,0.421,0.581,1
Supplier_A,West,Rain,Road,Automotive,213.0,1.0,3.0,363.0,384.0,0.461,0.666,0
Supplier_E,East,Rain,Road,Automotive,386.0,0.774,6.8,462.0,815.0,0.218,0.741,0
Supplier_C,South,Heatwave,Air,Textile,542.0,0.618,7.9,462.0,555.0,0.682,0.247,0
Supplier_E,East,Clear,Air,Electronics,239.0,0.68,9.5,864.0,429.0,0.418,0.17,0
Supplier_E,South,Rain,Air,Pharma,50.0,0.754,7.5,471.0,423.0,0.149,0.285,0
Supplier_C,West,Storm,Air,Pharma,509.0,0.754,7.0,533.0,467.0,0.674,0.266,1
Supplier_B,North,Clear,Air,Automotive,699.0,0.975,8.8,630.0,1027.0,0.245,0.845,0
Supplier_A,North,Flood,Road,Food,704.0,0.768,5.1,517.0,210.0,0.386,0.795,1
Supplier_A,West,Clear,Rail,Automotive,778.0,1.0,7.2,405.0,738.0,0.253,0.281,0
Supplier_B,South,Clear,Air,Food,146.0,0.715,4.1,405.0,625.0,0.475,0.876,0
Supplier_E,East,Rain,Sea,Textile,565.0,0.844,,357.0,839.0,0.254,0.782,1
Supplier_C,East,Clear,Road,Automotive,480.0,,1.2,500.0,638.0,0.266,0.141,0
Supplier_C,East,Clear,Road,Electronics,527.0,0.959,8.5,389.0,501.0,0.318,0.273,0
Supplier_B,West,Clear,Air,Textile,495.0,0.977,6.1,532.0,724.0,0.25,0.135,0
Supplier_C,South,Clear,Road,Textile,378.0,0.739,8.9,238.0,551.0,0.564,0.481,0
Supplier_D,West,Storm,Road,Electronics,50.0,0.779,3.7,446.0,666.0,0.098,0.504,0
Supplier_E,South,Flood,Sea,Pharma,852.0,0.408,6.3,699.0,814.0,0.343,0.503,1
Supplier_D,South,Rain,Rail,Textile,636.0,0.751,6.2,380.0,520.0,0.368,0.054,0
Supplier_D,East,Clear,Road,Textile,164.0,,7.3,752.0,407.0,0.325,0.186,0
Supplier_E,Central,Rain,Road,Food,673.0,,2.9,449.0,358.0,0.544,0.557,0
Supplier_C,South,Flood,Road,Food,434.0,0.767,7.9,410.0,599.0,0.049,0.637,1
Supplier_E,East,Storm,Air,Electronics,441.0,1.0,1.0,441.0,307.0,0.464,0.056,0
Supplier_B,North,Clear,Rail,Food,350.0,0.722,4.0,364.0,423.0,0.101,0.218,0
Supplier_A,North,Clear,Road,Automotive,690.0,0.673,1.3,63.0,287.0,0.248,0.725,0
Supplier_C,West,Heatwave,Road,Pharma,342.0,0.71,8.5,578.0,612.0,0.08,0.231,0
Supplier_A,West,Flood,Road,Pharma,265.0,0.612,7.2,815.0,335.0,0.284,0.497,1
Supplier_A,South,Clear,Road,Textile,844.0,0.873,7.4,506.0,217.0,0.234,0.21,0
Supplier_E,West,Flood,Road,Food,503.0,0.823,10.4,517.0,256.0,0.678,0.683,1
Supplier_D,South,Clear,Rail,Pharma,512.0,0.871,5.1,387.0,374.0,0.398,0.056,0
Supplier_B,South,Clear,Road,Pharma,730.0,0.718,7.8,628.0,394.0,0.438,0.433,0
Supplier_E,East,Storm,Road,Food,376.0,0.771,6.2,413.0,555.0,0.128,0.707,1
Supplier_A,South,Rain,Rail,Pharma,428.0,0.453,5.7,468.0,464.0,0.498,0.634,1
Supplier_B,Central,Clear,Road,Food,629.0,0.836,9.9,138.0,581.0,0.678,0.398,0
Supplier_D,East,Heatwave,Road,Textile,149.0,0.795,12.2,325.0,599.0,0.524,0.346,1
Supplier_B,South,Flood,Road,Automotive,607.0,0.615,4.7,486.0,663.0,0.088,0.449,1
Supplier_D,East,Clear,Road,Pharma,354.0,0.764,8.5,583.0,80.0,0.257,0.216,0
Supplier_E,West,Rain,Road,Food,772.0,0.741,7.0,588.0,252.0,0.372,0.478,0
Supplier_A,South,Storm,Air,Food,692.0,1.0,7.0,136.0,622.0,0.235,0.482,0
Supplier_A,Central,Rain,Road,Automotive,658.0,0.621,6.7,154.0,547.0,0.857,0.408,1
Supplier_E,East,Heatwave,Air,Automotive,132.0,0.83,5.0,525.0,715.0,0.254,0.72,0
Supplier_C,West,Rain,Air,Food,523.0,0.616,1.0,286.0,160.0,0.341,0.264,0
Supplier_C,Central,Clear,Road,Pharma,244.0,0.696,10.6,581.0,395.0,0.23,0.125,0
Supplier_C,East,Clear,Road,Automotive,540.0,0.822,3.9,127.0,435.0,0.396,0.384,0
Supplier_C,North,Flood,Road,Electronics,50.0,0.748,5.3,402.0,537.0,0.626,0.527,1
Supplier_D,West,Heatwave,Road,Automotive,149.0,0.779,5.3,414.0,508.0,0.373,0.477,0
Supplier_C,North,Clear,Rail,Textile,859.0,0.83,3.6,506.0,603.0,0.306,0.467,0
Supplier_A,East,Clear,Road,Automotive,646.0,0.706,6.7,234.0,475.0,0.135,0.252,0
Supplier_D,Central,Storm,Sea,Food,458.0,0.913,5.9,66.0,802.0,0.592,0.284,1
Supplier_D,East,Clear,Rail,Textile,314.0,0.734,3.9,451.0,872.0,0.321,0.393,0
Supplier_A,West,Clear,Air,Food,268.0,0.765,6.4,515.0,254.0,0.313,0.375,0
Supplier_B,East,Flood,Air,Food,602.0,0.834,5.9,601.0,510.0,0.01,0.742,1
Supplier_D,South,Storm,Rail,Textile,461.0,0.814,8.8,355.0,676.0,0.325,0.558,1
Supplier_D,South,Flood,Sea,Electronics,952.0,0.877,2.0,560.0,629.0,0.27,0.383,1
Supplier_A,East,Rain,Sea,Automotive,502.0,0.828,3.6,507.0,410.0,0.01,0.741,0
Supplier_A,North,Clear,Road,Automotive,565.0,0.85,8.2,658.0,556.0,0.548,0.598,0
Supplier_C,East,Heatwave,Road,Food,189.0,0.731,4.1,410.0,152.0,0.243,0.201,0
Supplier_C,East,Clear,Road,Electronics,456.0,0.62,3.3,109.0,496.0,0.729,0.01,0
Supplier_E,Central,Clear,Road,Automotive,596.0,0.566,4.2,408.0,179.0,0.633,0.208,0
Supplier_C,North,Flood,Rail,Pharma,453.0,0.529,5.7,436.0,612.0,0.206,0.631,1
Supplier_E,Central,Rain,Road,Textile,424.0,1.0,5.7,513.0,254.0,0.624,0.696,0
Supplier_B,East,Flood,Rail,Automotive,635.0,0.448,5.4,144.0,536.0,0.672,0.135,1
Supplier_C,West,Clear,Air,Pharma,944.0,0.959,2.9,364.0,570.0,0.238,0.645,0
Supplier_A,East,Heatwave,Road,Food,588.0,0.657,8.3,576.0,517.0,0.143,0.637,1
Supplier_C,South,Rain,Rail,Electronics,847.0,0.958,10.0,401.0,361.0,0.01,0.807,0
Supplier_A,Central,Rain,Road,Food,712.0,0.45,1.0,365.0,454.0,0.426,0.709,1
Supplier_C,South,Heatwave,Air,Electronics,832.0,0.745,1.3,763.0,760.0,0.155,0.797,1
Supplier_B,North,Clear,Rail,Textile,391.0,0.998,9.0,227.0,407.0,0.432,0.607,0
Supplier_A,West,Storm,Road,Automotive,496.0,0.887,10.7,642.0,505.0,0.236,0.6,1
Supplier_A,West,Rain,Air,Pharma,497.0,0.729,1.0,604.0,378.0,0.194,0.426,0
Supplier_C,Central,Storm,Road,Textile,692.0,0.489,8.4,379.0,724.0,0.238,0.68,1
Supplier_E,East,Flood,Air,Electronics,756.0,0.582,10.9,414.0,517.0,0.09,0.207,1
Supplier_A,North,Rain,Rail,Food,583.0,0.988,3.4,413.0,332.0,0.238,0.469,0
Supplier_C,North,Clear,Road,Electronics,778.0,0.728,10.7,453.0,502.0,0.203,0.619,0
Supplier_B,East,Clear,Air,Electronics,404.0,0.769,5.5,313.0,447.0,0.347,0.81,0
Supplier_E,South,Heatwave,Sea,Pharma,780.0,0.823,6.9,343.0,806.0,0.371,0.395,1
Supplier_C,Central,Heatwave,Air,Pharma,814.0,0.585,3.8,356.0,490.0,0.136,0.713,0
Supplier_E,North,Heatwave,Rail,Automotive,726.0,0.841,9.0,362.0,196.0,0.57,0.457,0
Supplier_B,Central,Clear,Air,Textile,585.0,0.717,8.5,364.0,610.0,0.318,0.717,0
Supplier_A,South,Clear,Road,Automotive,735.0,0.824,11.2,20.0,893.0,0.65,0.324,0
Supplier_C,North,Storm,Air,Automotive,318.0,0.693,10.3,438.0,763.0,0.398,0.66,1
Supplier_D,South,Storm,Sea,Food,602.0,0.544,6.0,325.0,257.0,0.364,0.479,1
Supplier_E,North,Clear,Road,Pharma,628.0,0.716,15.3,84.0,441.0,0.252,0.239,0
Supplier_E,East,Rain,Road,Pharma,204.0,0.876,10.1,357.0,493.0,0.473,0.466,1
Supplier_E,South,Clear,Road,Textile,673.0,0.839,7.6,351.0,496.0,0.357,0.791,0
Supplier_D,East,Rain,Road,Food,225.0,0.785,3.0,650.0,584.0,0.522,0.276,0
Supplier_B,East,Clear,Road,Food,439.0,0.915,1.4,323.0,424.0,0.671,0.173,0
Supplier_C,North,Clear,Road,Electronics,560.0,0.749,1.7,540.0,299.0,0.205,0.588,0
Supplier_A,North,Clear,Rail,Food,360.0,0.788,3.2,669.0,709.0,0.473,0.131,0
Supplier_C,North,Heatwave,Road,Automotive,571.0,0.708,10.1,307.0,253.0,0.467,0.844,1
Supplier_B,North,Storm,Road,Food,567.0,0.923,7.5,411.0,324.0,0.442,0.838,1
Supplier_A,North,Heatwave,Air,Automotive,337.0,0.824,4.2,731.0,251.0,0.263,0.728,0
Supplier_B,South,Clear,Road,Textile,698.0,0.696,5.6,461.0,635.0,0.267,0.498,0
Supplier_C,East,Clear,Road,Electronics,351.0,0.557,5.2,487.0,523.0,0.233,0.866,0
Supplier_B,South,Clear,Air,Textile,1145.0,0.946,8.4,347.0,694.0,0.229,0.796,0
Supplier_E,South,Rain,Sea,Textile,522.0,0.668,3.4,544.0,327.0,0.182,0.383,0
Supplier_C,East,Clear,Rail,Food,245.0,0.791,7.0,413.0,224.0,0.329,0.817,0
Supplier_E,East,Storm,Road,Automotive,294.0,1.0,6.9,90.0,402.0,0.198,0.299,0
Supplier_D,South,Storm,Road,Electronics,848.0,0.9,3.5,356.0,460.0,0.437,0.457,1
Supplier_A,South,Flood,Sea,Pharma,444.0,1.0,10.8,207.0,546.0,0.361,0.105,1
Supplier_B,East,Clear,Air,Electronics,195.0,0.699,5.1,440.0,130.0,0.384,0.532,0
Supplier_D,North,Rain,Air,Automotive,772.0,0.941,3.0,255.0,605.0,0.295,0.435,0
Supplier_C,East,Clear,Air,Textile,442.0,0.784,8.6,506.0,303.0,0.364,0.401,0
Supplier_B,Central,Clear,Road,Automotive,720.0,0.835,6.2,428.0,358.0,0.301,0.464,0
Supplier_C,South,Storm,Road,Automotive,793.0,1.0,7.2,195.0,758.0,0.506,0.373,1
Supplier_E,North,Rain,Air,Electronics,621.0,0.738,2.4,331.0,20.0,0.262,0.509,0
Supplier_B,West,Storm,Sea,Textile,1173.0,0.783,8.4,532.0,571.0,0.425,0.782,1
Supplier_A,North,Clear,Road,Electronics,102.0,0.645,12.5,627.0,570.0,0.089,0.266,0
Supplier_B,North,Heatwave,Rail,Food,337.0,0.913,2.2,258.0,320.0,0.492,0.69,0
Supplier_E,North,Heatwave,Road,Automotive,483.0,0.696,7.1,222.0,402.0,0.238,0.547,0
Supplier_D,Central,Clear,Sea,Textile,1138.0,,3.6,771.0,769.0,0.168,0.582,0
Supplier_E,Central,Flood,Road,Textile,1017.0,0.533,14.1,418.0,932.0,0.122,0.493,1
Supplier_E,East,Clear,Air,Food,885.0,0.862,9.7,436.0,734.0,0.106,0.342,0
Supplier_A,West,Storm,Road,Food,344.0,0.683,6.8,287.0,915.0,0.254,0.598,1
Supplier_B,West,Flood,Rail,Food,374.0,0.89,2.3,459.0,348.0,0.65,0.614,1
Supplier_A,West,Storm,Air,Food,335.0,0.778,3.0,729.0,152.0,0.221,0.324,0
Supplier_A,East,Storm,Road,Automotive,346.0,0.7,8.2,466.0,488.0,0.01,0.206,1
Supplier_E,Central,Clear,Sea,Automotive,938.0,0.722,1.9,612.0,677.0,0.423,0.519,0
Supplier_E,West,Storm,Sea,Food,487.0,0.652,2.0,425.0,92.0,0.127,0.666,1
Supplier_A,North,Rain,Sea,Food,521.0,0.906,6.0,235.0,296.0,0.513,0.721,0
Supplier_D,South,Clear,Road,Electronics,751.0,0.623,6.4,297.0,321.0,0.266,0.765,0
Supplier_C,Central,Clear,Air,Electronics,117.0,0.74,7.1,219.0,578.0,0.295,0.582,0
Supplier_A,East,Storm,Rail,Food,564.0,0.832,4.7,459.0,550.0,0.589,0.442,1
Supplier_E,South,Rain,Rail,Pharma,265.0,1.0,8.8,640.0,329.0,0.474,0.5,0
Supplier_E,Central,Rain,Rail,Automotive,473.0,0.779,3.4,449.0,540.0,0.101,0.227,0
Supplier_C,West,Heatwave,Rail,Textile,398.0,0.744,7.9,365.0,248.0,0.13,0.35,0
Supplier_D,East,Rain,Road,Automotive,384.0,0.821,6.6,278.0,406.0,0.01,0.488,0
Supplier_B,East,Clear,Road,Textile,609.0,0.469,7.8,484.0,222.0,0.871,0.441,0
Supplier_D,North,Clear,Road,Food,608.0,0.6,9.5,197.0,467.0,0.177,0.52,0
Supplier_C,South,Rain,Road,Textile,493.0,0.724,4.6,216.0,324.0,0.584,0.198,0
Supplier_E,East,Storm,Road,Textile,646.0,0.673,4.0,582.0,652.0,0.244,0.247,1
Supplier_A,Central,Rain,Road,Electronics,324.0,0.54,1.0,370.0,494.0,0.134,0.671,0
Supplier_A,South,Rain,Air,Automotive,727.0,0.909,1.0,366.0,450.0,0.354,0.317,0
Supplier_E,North,Storm,Rail,Food,496.0,0.819,5.5,390.0,889.0,0.285,0.351,0
Supplier_B,East,Storm,Road,Textile,424.0,0.801,5.7,551.0,584.0,0.51,0.521,1
Supplier_B,Central,Flood,Air,Food,343.0,0.676,2.7,450.0,419.0,0.513,0.295,1
Supplier_D,East,Clear,Sea,Electronics,487.0,0.792,3.4,286.0,372.0,0.232,0.743,0
Supplier_A,South,Storm,Sea,Pharma,1036.0,0.857,10.6,293.0,240.0,0.062,0.223,1
Supplier_C,West,Rain,Sea,Electronics,534.0,0.74,8.6,385.0,486.0,0.111,0.5,0
Supplier_B,West,Clear,Sea,Pharma,252.0,0.847,2.2,474.0,568.0,0.01,0.335,0
Supplier_A,South,Rain,Rail,Electronics,789.0,,4.7,414.0,79.0,0.295,0.534,1
Supplier_E,Central,Storm,Sea,Automotive,427.0,0.795,7.2,398.0,200.0,0.348,0.391,1
Supplier_A,East,Rain,Sea,Food,624.0,0.951,4.1,428.0,386.0,0.121,0.495,0
Supplier_A,North,Storm,Road,Automotive,393.0,0.965,3.6,413.0,258.0,0.097,0.769,1
Supplier_D,East,Clear,Sea,Textile,883.0,0.979,5.0,280.0,510.0,0.347,0.349,0
Supplier_E,Central,Clear,Air,Automotive,396.0,0.823,9.3,619.0,540.0,0.224,0.347,0
Supplier_A,South,Clear,Air,Food,913.0,0.785,9.5,333.0,473.0,0.307,0.431,0
Supplier_D,East,Clear,Sea,Pharma,277.0,0.713,3.8,443.0,621.0,0.277,0.824,0
Supplier_C,West,Rain,Road,Automotive,474.0,0.509,7.4,49.0,371.0,0.4,0.48,1
Supplier_E,West,Flood,Road,Food,914.0,0.578,6.0,381.0,490.0,0.237,0.772,1
Supplier_A,Central,Storm,Rail,Automotive,594.0,0.755,3.0,222.0,279.0,0.252,0.461,1
Supplier_E,North,Clear,Air,Electronics,1141.0,0.764,5.1,244.0,563.0,0.01,0.762,0
Supplier_D,East,Clear,Sea,Electronics,480.0,0.992,2.2,856.0,517.0,0.34,0.59,0
Supplier_E,East,Clear,Sea,Electronics,617.0,0.977,9.5,465.0,236.0,0.368,0.622,0
Supplier_B,North,Rain,Air,Automotive,1045.0,0.677,10.7,641.0,466.0,0.314,0.184,0
Supplier_E,West,Clear,Sea,Food,156.0,0.903,4.8,574.0,492.0,0.732,0.151,0
Supplier_D,North,Rain,Road,Pharma,124.0,0.708,4.1,597.0,562.0,0.383,0.735,0
Supplier_A,East,Storm,Sea,Pharma,343.0,0.882,9.2,384.0,570.0,0.319,0.733,1
Supplier_E,South,Rain,Road,Automotive,761.0,0.901,9.6,709.0,341.0,0.45,1.0,1
Supplier_D,North,Clear,Rail,Textile,131.0,0.966,2.7,572.0,668.0,0.773,0.173,0
Supplier_B,Central,Clear,Road,Textile,705.0,0.706,5.6,427.0,615.0,0.401,0.607,0
Supplier_C,South,Rain,Rail,Food,687.0,,5.8,467.0,341.0,0.01,0.275,0
Supplier_B,South,Rain,Road,Automotive,1074.0,0.499,3.7,395.0,249.0,0.436,0.337,1
Supplier_C,Central,Clear,Road,Electronics,822.0,0.974,7.2,429.0,357.0,0.174,0.39,0
Supplier_E,Central,Flood,Rail,Textile,645.0,0.776,3.9,412.0,176.0,0.01,0.584,1
Supplier_E,North,Rain,Air,Electronics,903.0,0.779,4.4,489.0,546.0,0.69,0.354,0
Supplier_B,South,Clear,Road,Pharma,690.0,0.474,5.7,733.0,760.0,0.646,0.507,1
Supplier_E,West,Clear,Air,Automotive,430.0,0.722,1.5,203.0,813.0,0.169,0.683,0
Supplier_C,West,Clear,Road,Textile,252.0,0.983,1.0,626.0,260.0,0.17,0.748,0
Supplier_D,Central,Clear,Road,Electronics,402.0,0.716,8.8,354.0,673.0,0.382,0.652,0
Supplier_D,East,Clear,Road,Automotive,540.0,0.887,3.8,649.0,519.0,0.173,0.599,0
Supplier_C,North,Rain,Rail,Electronics,596.0,0.785,12.4,360.0,20.0,0.323,0.469,0
Supplier_C,Central,Clear,Air,Electronics,50.0,0.939,11.9,494.0,427.0,0.207,0.375,0
Supplier_C,North,Flood,Rail,Food,493.0,0.809,4.5,391.0,402.0,0.27,0.619,1
Supplier_E,North,Heatwave,Sea,Food,557.0,0.64,13.0,108.0,766.0,0.069,0.269,1
Supplier_B,West,Clear,Rail,Pharma,692.0,0.788,8.8,733.0,308.0,0.515,0.526,0
Supplier_B,West,Clear,Air,Textile,973.0,1.0,4.1,250.0,624.0,0.591,0.263,0
Supplier_B,North,Storm,Sea,Automotive,598.0,0.855,1.0,435.0,476.0,0.33,0.491,1
Supplier_A,North,Heatwave,Road,Food,314.0,0.763,8.1,231.0,182.0,0.343,0.268,0
Supplier_B,East,Flood,Road,Food,77.0,1.0,6.1,179.0,379.0,0.476,0.412,1
Supplier_A,South,Clear,Road,Food,729.0,0.954,7.3,383.0,837.0,0.35,0.351,0
Supplier_A,West,Clear,Rail,Electronics,324.0,0.903,5.3,313.0,462.0,0.696,0.325,0
Supplier_D,East,Clear,Rail,Automotive,775.0,0.828,2.6,210.0,699.0,0.087,0.481,0
Supplier_A,East,Flood,Road,Automotive,913.0,0.89,4.7,414.0,687.0,0.522,0.01,1
Supplier_C,East,Rain,Sea,Food,149.0,0.894,8.1,153.0,401.0,0.327,0.103,0
Supplier_D,South,Rain,Sea,Food,694.0,0.453,4.9,443.0,218.0,0.126,0.677,1
Supplier_D,South,Rain,Road,Textile,886.0,0.839,4.9,397.0,247.0,0.799,0.532,1
Supplier_C,West,Clear,Road,Automotive,815.0,0.756,1.4,20.0,819.0,0.827,0.341,0
Supplier_A,East,Rain,Road,Pharma,50.0,0.705,6.3,326.0,533.0,0.308,0.714,0
Supplier_E,East,Clear,Road,Electronics,328.0,0.751,2.7,504.0,119.0,0.439,0.359,0
Supplier_E,East,Rain,Sea,Textile,217.0,0.547,8.8,229.0,683.0,0.256,0.372,0
Supplier_D,South,Storm,Rail,Automotive,686.0,0.509,3.8,512.0,107.0,0.288,0.328,1
Supplier_A,Central,Rain,Road,Automotive,657.0,0.967,5.1,498.0,318.0,0.124,0.919,0
Supplier_A,East,Clear,Rail,Pharma,50.0,,12.5,237.0,518.0,0.094,0.552,0
Supplier_B,West,Flood,Road,Electronics,472.0,0.418,5.1,418.0,1054.0,0.719,0.543,1
Supplier_A,Central,Storm,Road,Food,758.0,0.694,4.7,568.0,680.0,0.342,0.603,1
Supplier_E,Central,Clear,Road,Automotive,588.0,0.912,7.8,262.0,394.0,0.36,0.092,0
Supplier_B,West,Clear,Rail,Pharma,588.0,0.738,1.0,383.0,506.0,0.188,0.369,0
Supplier_B,West,Rain,Rail,Food,455.0,0.967,9.8,627.0,702.0,0.388,0.6,0
Supplier_E,East,Clear,Sea,Textile,275.0,0.937,9.0,266.0,813.0,0.049,0.499,0
Supplier_E,West,Clear,Road,Pharma,546.0,0.576,7.6,503.0,446.0,0.195,0.985,0
Supplier_B,South,Clear,Air,Pharma,564.0,0.759,1.0,226.0,452.0,0.11,0.382,0
Supplier_B,West,Clear,Road,Pharma,710.0,0.713,5.2,391.0,317.0,0.609,0.708,0
Supplier_C,North,Clear,Road,Textile,731.0,0.572,2.2,500.0,646.0,0.02,0.677,0
Supplier_D,Central,Rain,Sea,Food,572.0,0.562,9.4,20.0,726.0,0.114,0.531,1
Supplier_E,South,Clear,Air,Textile,835.0,0.659,9.2,324.0,73.0,0.01,0.571,0
Supplier_E,West,Storm,Road,Textile,453.0,0.684,7.2,497.0,413.0,0.172,0.436,1
Supplier_E,North,Clear,Rail,Food,175.0,0.822,2.4,461.0,233.0,0.258,0.066,0
Supplier_A,North,Clear,Air,Electronics,674.0,0.937,10.5,326.0,533.0,0.546,0.577,0
Supplier_B,Central,Clear,Sea,Pharma,583.0,0.857,5.2,221.0,228.0,0.306,0.594,0
Supplier_C,Central,Storm,Rail,Food,679.0,0.893,11.4,533.0,210.0,0.268,0.629,1
Supplier_A,South,Heatwave,Road,Pharma,221.0,0.74,6.8,362.0,747.0,0.41,0.514,0
Supplier_B,North,Rain,Rail,Electronics,1016.0,0.87,7.5,518.0,464.0,0.261,0.713,0
Supplier_A,Central,Clear,Road,Textile,735.0,0.758,4.6,488.0,487.0,0.832,0.309,0
Supplier_E,Central,Clear,Road,Pharma,475.0,0.714,10.2,339.0,595.0,0.232,0.823,0
Supplier_A,North,Clear,Rail,Automotive,307.0,1.0,7.8,613.0,714.0,0.433,0.283,0
Supplier_A,West,Flood,Air,Textile,830.0,0.43,10.3,313.0,408.0,0.515,0.476,1
Supplier_A,South,Clear,Road,Food,264.0,0.499,6.5,634.0,413.0,0.226,0.65,0
Supplier_A,West,Heatwave,Air,Automotive,1138.0,0.837,5.9,658.0,414.0,0.383,0.387,0
Supplier_C,East,Rain,Air,Electronics,391.0,0.74,7.8,609.0,738.0,0.25,0.665,0
Supplier_B,North,Rain,Air,Automotive,997.0,,10.3,387.0,485.0,0.405,0.425,0
Supplier_E,South,Flood,Road,Textile,502.0,0.622,9.1,878.0,436.0,0.37,0.526,1
Supplier_B,East,Clear,Road,Textile,961.0,0.641,6.4,447.0,586.0,0.322,0.46,0
Supplier_C,West,Storm,Road,Electronics,359.0,0.914,1.0,463.0,903.0,0.119,0.373,1
Supplier_D,North,Clear,Road,Pharma,555.0,0.962,8.4,416.0,516.0,0.723,0.995,0
Supplier_D,Central,Flood,Road,Electronics,759.0,1.0,1.7,217.0,441.0,0.467,0.315,1
Supplier_D,West,Rain,Road,Textile,722.0,0.542,6.1,653.0,927.0,0.032,0.01,0
Supplier_B,Central,Clear,Road,Pharma,836.0,0.575,5.7,317.0,793.0,0.266,0.323,0
Supplier_C,Central,Flood,Road,Food,423.0,0.565,1.7,586.0,761.0,0.036,0.529,1
Supplier_E,North,Clear,Sea,Food,572.0,0.973,7.1,629.0,390.0,0.502,0.417,0
Supplier_E,North,Clear,Air,Automotive,875.0,0.843,12.5,529.0,368.0,0.346,0.724,0
Supplier_D,West,Storm,Road,Textile,367.0,0.792,5.1,295.0,96.0,0.351,0.716,1
Supplier_D,North,Clear,Sea,Pharma,699.0,0.814,8.3,359.0,712.0,0.182,0.43,0
Supplier_E,North,Flood,Road,Automotive,493.0,,13.1,20.0,517.0,0.287,0.13,1
Supplier_D,East,Rain,Road,Pharma,604.0,0.612,8.6,399.0,104.0,0.507,0.218,0
Supplier_E,Central,Rain,Sea,Electronics,572.0,0.857,4.1,564.0,764.0,0.561,0.493,0
Supplier_A,West,Clear,Road,Electronics,345.0,0.752,6.7,377.0,426.0,0.519,0.156,0
Supplier_B,East,Clear,Road,Pharma,482.0,,7.4,314.0,453.0,0.04,0.419,0
Supplier_A,North,Heatwave,Road,Food,588.0,0.866,10.3,366.0,167.0,0.313,0.813,1
Supplier_A,South,Clear,Rail,Automotive,523.0,,9.6,639.0,608.0,0.401,0.575,0
Supplier_C,West,Rain,Rail,Textile,959.0,0.814,1.0,410.0,610.0,0.203,0.51,0
Supplier_B,North,Clear,Road,Food,813.0,0.761,3.4,754.0,489.0,0.018,0.271,0
Supplier_C,East,Clear,Road,Food,625.0,0.914,5.8,317.0,408.0,0.093,0.54,0
Supplier_C,North,Rain,Road,Electronics,352.0,0.813,3.0,459.0,1078.0,0.65,0.443,0
Supplier_D,South,Storm,Rail,Textile,336.0,0.647,1.0,342.0,235.0,0.112,0.553,1
Supplier_E,South,Storm,Road,Pharma,1063.0,0.828,3.8,793.0,341.0,0.36,0.66,1
Supplier_E,West,Flood,Sea,Automotive,287.0,0.833,6.0,452.0,656.0,0.319,0.698,1
Supplier_B,Central,Clear,Air,Automotive,580.0,0.857,4.4,803.0,277.0,0.319,0.528,0
Supplier_B,North,Clear,Road,Textile,644.0,0.935,3.0,344.0,261.0,0.286,0.613,0
Supplier_D,West,Clear,Air,Textile,469.0,0.688,6.1,695.0,749.0,0.508,0.387,0
Supplier_A,West,Storm,Road,Automotive,289.0,0.88,7.0,441.0,633.0,0.357,0.749,1
Supplier_C,Central,Clear,Road,Automotive,346.0,0.521,4.6,571.0,607.0,0.225,0.305,0
Supplier_C,Central,Rain,Road,Electronics,408.0,0.762,10.1,200.0,540.0,0.36,,0
Supplier_A,North,Clear,Rail,Electronics,366.0,0.739,6.2,483.0,348.0,0.094,0.772,0
Supplier_D,West,Storm,Air,Food,895.0,0.997,3.4,228.0,444.0,0.445,0.394,0
Supplier_B,East,Storm,Sea,Automotive,548.0,0.757,2.6,466.0,483.0,0.214,0.205,1
Supplier_A,North,Flood,Road,Automotive,414.0,0.871,5.4,147.0,686.0,0.225,0.41,1
Supplier_D,South,Clear,Road,Pharma,578.0,0.516,9.3,403.0,594.0,0.453,0.806,1
Supplier_A,Central,Heatwave,Rail,Food,724.0,0.727,3.5,617.0,296.0,0.269,0.01,0
Supplier_D,East,Clear,Road,Textile,460.0,0.653,7.8,519.0,674.0,0.28,0.523,0
Supplier_A,South,Clear,Road,Electronics,785.0,1.0,6.3,198.0,131.0,0.584,0.361,0
Supplier_C,South,Clear,Sea,Pharma,220.0,0.68,12.0,78.0,430.0,0.155,0.463,0
Supplier_E,Central,Clear,Sea,Textile,855.0,0.791,7.2,509.0,249.0,0.45,0.423,0
Supplier_B,South,Rain,Sea,Electronics,548.0,0.799,3.9,705.0,311.0,0.54,0.711,1
Supplier_D,North,Clear,Road,Pharma,538.0,0.542,8.2,246.0,924.0,0.583,0.512,0
Supplier_D,East,Clear,Road,Food,370.0,0.701,8.3,798.0,176.0,0.785,0.722,0
Supplier_E,Central,Rain,Road,Automotive,231.0,0.841,4.8,419.0,320.0,0.222,0.783,0
Supplier_A,North,Flood,Sea,Pharma,117.0,0.793,2.5,67.0,612.0,0.176,0.507,1
Supplier_D,South,Rain,Road,Automotive,352.0,0.435,7.6,139.0,397.0,0.513,0.421,1
Supplier_E,East,Rain,Road,Pharma,703.0,0.695,6.2,559.0,534.0,0.538,0.583,1
Supplier_D,North,Clear,Road,Pharma,300.0,0.933,1.5,443.0,815.0,0.192,0.625,0
Supplier_A,West,Storm,Air,Food,147.0,0.868,6.8,687.0,644.0,0.447,0.246,1
Supplier_E,South,Clear,Air,Electronics,314.0,0.963,4.1,204.0,397.0,0.895,0.552,0
Supplier_A,North,Clear,Air,Automotive,450.0,0.632,1.5,441.0,471.0,0.371,0.444,0
Supplier_C,South,Clear,Road,Automotive,460.0,,4.9,421.0,617.0,0.535,0.408,0
Supplier_C,Central,Rain,Air,Textile,516.0,0.773,9.8,394.0,640.0,0.665,0.348,0
Supplier_C,Central,Clear,Road,Pharma,818.0,1.0,9.6,351.0,505.0,0.851,,0
Supplier_C,East,Rain,Road,Pharma,875.0,0.78,8.8,355.0,579.0,0.399,0.776,0
Supplier_A,East,Clear,Road,Textile,1071.0,0.473,6.8,451.0,580.0,0.601,0.42,1
Supplier_C,Central,Clear,Rail,Electronics,128.0,0.907,7.8,474.0,480.0,0.192,0.752,0
Supplier_E,North,Clear,Road,Food,327.0,0.713,6.3,465.0,367.0,0.355,0.529,0
Supplier_C,West,Clear,Sea,Food,732.0,0.724,2.7,637.0,663.0,0.261,0.251,0
Supplier_B,West,Clear,Rail,Food,432.0,0.562,3.3,204.0,564.0,0.01,0.542,0
Supplier_E,West,Rain,Road,Food,774.0,1.0,4.2,94.0,42.0,0.029,0.239,0
Supplier_A,South,Rain,Air,Automotive,604.0,0.702,10.2,603.0,318.0,0.436,0.634,1
Supplier_C,West,Clear,Air,Electronics,961.0,1.0,9.2,250.0,394.0,0.44,0.454,0
Supplier_C,West,Rain,Road,Textile,821.0,0.715,2.8,352.0,456.0,0.142,0.688,0
Supplier_C,Central,Clear,Rail,Textile,826.0,0.641,6.2,310.0,765.0,0.661,0.815,0
Supplier_E,North,Clear,Road,Electronics,443.0,0.978,4.8,306.0,1205.0,0.128,0.118,0
Supplier_C,West,Clear,Road,Textile,525.0,0.769,5.5,158.0,20.0,0.401,0.399,0
Supplier_E,Central,Rain,Air,Pharma,471.0,0.77,4.4,317.0,567.0,0.267,0.234,0
Supplier_A,South,Clear,Rail,Electronics,158.0,0.588,10.2,537.0,515.0,0.371,0.975,1
Supplier_D,West,Rain,Road,Pharma,933.0,0.711,5.9,419.0,460.0,0.53,0.403,0
Supplier_C,North,Clear,Road,Automotive,744.0,0.844,6.6,511.0,619.0,0.501,0.211,0
Supplier_B,West,Storm,Rail,Textile,460.0,0.585,6.7,331.0,533.0,0.492,0.993,1
Supplier_B,West,Clear,Road,Automotive,889.0,0.699,2.9,583.0,420.0,0.466,0.34,0
Supplier_D,North,Rain,Sea,Textile,386.0,0.717,6.3,328.0,506.0,0.095,0.143,0
Supplier_D,North,Storm,Rail,Pharma,72.0,0.79,9.2,40.0,622.0,0.577,0.245,1
Supplier_D,West,Clear,Sea,Textile,812.0,1.0,10.4,477.0,602.0,0.138,0.532,0
Supplier_A,South,Clear,Road,Automotive,218.0,0.735,2.6,558.0,541.0,0.329,0.51,0
Supplier_C,East,Rain,Sea,Electronics,499.0,0.676,1.4,319.0,372.0,0.28,0.316,0
Supplier_E,North,Heatwave,Road,Electronics,604.0,1.0,6.2,636.0,1120.0,0.42,0.393,0
Supplier_A,Central,Heatwave,Road,Pharma,650.0,0.715,9.3,267.0,579.0,0.253,0.512,1
Supplier_C,East,Clear,Road,Electronics,771.0,0.751,7.1,541.0,668.0,0.318,0.791,0
Supplier_C,Central,Storm,Road,Pharma,701.0,0.726,8.0,734.0,388.0,0.674,0.573,1
Supplier_E,North,Clear,Sea,Textile,693.0,0.738,,427.0,542.0,0.091,0.376,0
Supplier_B,South,Clear,Air,Pharma,344.0,0.792,4.3,379.0,540.0,0.35,0.45,0
Supplier_C,West,Rain,Rail,Automotive,627.0,0.918,1.0,401.0,79.0,0.127,0.669,0
Supplier_D,West,Rain,Rail,Textile,159.0,0.841,5.6,713.0,342.0,0.485,0.87,0
Supplier_A,West,Rain,Rail,Pharma,956.0,0.942,1.0,493.0,338.0,0.205,0.257,0
Supplier_E,Central,Flood,Rail,Automotive,185.0,0.937,10.0,806.0,368.0,0.358,0.745,1
Supplier_E,Central,Clear,Sea,Food,460.0,0.811,10.7,470.0,265.0,0.085,0.431,0
Supplier_D,North,Rain,Rail,Pharma,207.0,0.836,6.4,302.0,510.0,0.608,0.143,0
Supplier_D,South,Clear,Air,Textile,360.0,0.946,1.5,315.0,807.0,0.365,0.099,0
Supplier_D,Central,Clear,Road,Automotive,553.0,0.613,7.1,431.0,529.0,0.378,0.794,0
Supplier_D,East,Clear,Sea,Food,413.0,1.0,11.6,53.0,240.0,0.516,0.82,0
Supplier_E,Central,Heatwave,Road,Textile,848.0,0.703,7.4,335.0,273.0,0.1,0.375,0
Supplier_C,East,Rain,Road,Textile,609.0,0.727,9.6,338.0,417.0,0.227,0.453,1
Supplier_C,North,Clear,Sea,Automotive,430.0,0.598,4.5,463.0,189.0,0.384,0.108,0
Supplier_D,East,Rain,Road,Textile,515.0,0.603,3.4,770.0,567.0,0.01,0.668,0
Supplier_A,Central,Heatwave,Road,Pharma,867.0,0.926,5.8,430.0,798.0,0.019,0.494,0
Supplier_E,West,Heatwave,Road,Pharma,786.0,1.0,1.0,74.0,373.0,0.186,0.158,0
Supplier_D,North,Rain,Road,Pharma,254.0,,12.8,255.0,517.0,0.122,0.545,0
Supplier_D,South,Clear,Sea,Automotive,373.0,0.832,6.4,467.0,406.0,0.281,0.194,0
Supplier_B,Central,Rain,Sea,Textile,673.0,0.813,8.6,437.0,361.0,0.454,0.623,1
Supplier_B,Central,Storm,Rail,Automotive,642.0,0.93,4.6,712.0,542.0,0.5,0.262,1
Supplier_C,West,Flood,Sea,Food,277.0,1.0,1.4,593.0,354.0,0.712,0.574,1
Supplier_D,North,Storm,Rail,Automotive,745.0,1.0,10.3,587.0,322.0,0.345,0.356,0
